Date,High,Low,Open,Close,Volume,Adj Close,Name
2016-10-18,43.040000915527344,42.150001525878906,42.22999954223633,42.72999954223633,3060700.0,35.43417739868164,MPC
2016-10-19,43.06999969482422,42.25,42.91999816894531,42.650001525878906,7261200.0,35.36783981323242,MPC
2016-10-20,43.2400016784668,42.220001220703125,42.40999984741211,43.04999923706055,3051100.0,35.69955062866211,MPC
2016-10-21,44.27000045776367,42.560001373291016,42.65999984741211,44.09000015258789,4808900.0,36.56196975708008,MPC
2016-10-24,44.33000183105469,43.56999969482422,44.13999938964844,43.779998779296875,5061700.0,36.304901123046875,MPC
2016-10-25,44.59000015258789,43.380001068115234,43.83000183105469,43.689998626708984,6612700.0,36.23027038574219,MPC
2016-10-26,44.88999938964844,43.2599983215332,43.31999969482422,44.2599983215332,6606600.0,36.70293426513672,MPC
2016-10-27,44.15999984741211,41.5,44.04999923706055,42.810001373291016,13679400.0,35.50052261352539,MPC
2016-10-28,43.040000915527344,41.880001068115234,42.560001373291016,42.81999969482422,8268500.0,35.50881576538086,MPC
2016-10-31,43.959999084472656,43.18000030517578,43.209999084472656,43.59000015258789,8739900.0,36.147342681884766,MPC
2016-11-01,44.90999984741211,41.7400016784668,44.279998779296875,42.34000015258789,12845600.0,35.11077117919922,MPC
2016-11-02,42.529998779296875,40.70000076293945,41.88999938964844,41.0,7099100.0,33.99956512451172,MPC
2016-11-03,41.459999084472656,40.0099983215332,41.209999084472656,41.18000030517578,5769600.0,34.14883041381836,MPC
2016-11-04,41.77000045776367,40.93000030517578,41.0,41.22999954223633,3246400.0,34.19029235839844,MPC
2016-11-07,42.619998931884766,41.81999969482422,41.97999954223633,42.599998474121094,7400800.0,35.32637405395508,MPC
2016-11-08,42.540000915527344,41.65999984741211,42.529998779296875,41.81999969482422,4412300.0,34.6795539855957,MPC
2016-11-09,43.90999984741211,41.43000030517578,41.52000045776367,43.56999969482422,8587700.0,36.13076400756836,MPC
2016-11-10,44.599998474121094,43.279998779296875,43.54999923706055,43.81999969482422,5939900.0,36.33805847167969,MPC
2016-11-11,44.060001373291016,42.91999816894531,43.61000061035156,43.959999084472656,6497300.0,36.45417785644531,MPC
2016-11-14,44.189998626708984,43.369998931884766,43.61000061035156,43.59000015258789,6751800.0,36.445804595947266,MPC
2016-11-15,44.34000015258789,42.779998779296875,43.689998626708984,43.83000183105469,8535100.0,36.64646911621094,MPC
2016-11-16,43.880001068115234,43.11000061035156,43.599998474121094,43.4900016784668,4165600.0,36.362186431884766,MPC
2016-11-17,44.290000915527344,43.189998626708984,43.849998474121094,43.36000061035156,3985300.0,36.25350570678711,MPC
2016-11-18,43.599998474121094,42.56999969482422,43.20000076293945,43.310001373291016,4892600.0,36.211692810058594,MPC
2016-11-21,47.279998779296875,44.900001525878906,45.400001525878906,47.16999816894531,20270900.0,39.439056396484375,MPC
2016-11-22,48.810001373291016,47.33000183105469,47.45000076293945,47.869998931884766,13037000.0,40.02433395385742,MPC
2016-11-23,48.119998931884766,47.310001373291016,47.5,47.709999084472656,4399300.0,39.89055252075195,MPC
2016-11-25,48.22999954223633,47.369998931884766,47.47999954223633,48.20000076293945,1987600.0,40.30024719238281,MPC
2016-11-28,48.83000183105469,46.959999084472656,48.52000045776367,47.04999923706055,5624500.0,39.33872985839844,MPC
2016-11-29,46.95000076293945,45.869998931884766,46.59000015258789,45.97999954223633,7758700.0,38.444087982177734,MPC
2016-11-30,47.27000045776367,44.599998474121094,46.2599983215332,47.02000045776367,11079900.0,39.31364822387695,MPC
2016-12-01,49.290000915527344,47.189998626708984,47.4900016784668,47.7400016784668,8711700.0,39.9156379699707,MPC
2016-12-02,48.689998626708984,47.650001525878906,47.650001525878906,47.79999923706055,4422900.0,39.9658088684082,MPC
2016-12-05,48.619998931884766,47.66999816894531,48.27000045776367,48.0099983215332,4806600.0,40.14137649536133,MPC
2016-12-06,47.90999984741211,47.150001525878906,47.88999938964844,47.22999954223633,5347900.0,39.48922348022461,MPC
2016-12-07,50.290000915527344,47.650001525878906,47.849998474121094,49.650001525878906,9689700.0,41.512596130371094,MPC
2016-12-08,50.709999084472656,49.56999969482422,50.099998474121094,50.060001373291016,5206800.0,41.85540008544922,MPC
2016-12-09,50.58000183105469,49.15999984741211,49.95000076293945,49.439998626708984,6294500.0,41.3370246887207,MPC
2016-12-12,50.650001525878906,48.470001220703125,50.43000030517578,49.09000015258789,5550300.0,41.04437255859375,MPC
2016-12-13,49.779998779296875,48.93000030517578,49.31999969482422,49.2400016784668,4919100.0,41.1697998046875,MPC
2016-12-14,49.47999954223633,48.310001373291016,48.7400016784668,48.41999816894531,5243300.0,40.48419189453125,MPC
2016-12-15,49.25,48.38999938964844,48.38999938964844,48.880001068115234,5436000.0,40.868797302246094,MPC
2016-12-16,50.47999954223633,49.0,49.150001525878906,50.11000061035156,6769600.0,41.89720153808594,MPC
2016-12-19,49.779998779296875,49.0099983215332,49.689998626708984,49.439998626708984,4203200.0,41.3370246887207,MPC
2016-12-20,49.810001373291016,49.060001373291016,49.599998474121094,49.380001068115234,3368100.0,41.28684997558594,MPC
2016-12-21,49.369998931884766,48.099998474121094,49.20000076293945,48.9900016784668,8127100.0,40.96076583862305,MPC
2016-12-22,50.70000076293945,49.279998779296875,49.33000183105469,50.34000015258789,6110000.0,42.089515686035156,MPC
2016-12-23,51.0,49.869998931884766,50.13999938964844,50.779998779296875,3346400.0,42.45738983154297,MPC
2016-12-27,51.13999938964844,50.66999816894531,50.810001373291016,51.119998931884766,3501000.0,42.74167251586914,MPC
2016-12-28,51.150001525878906,50.290000915527344,51.06999969482422,50.33000183105469,3240700.0,42.08115005493164,MPC
2016-12-29,51.08000183105469,50.08000183105469,50.36000061035156,50.45000076293945,2684000.0,42.18147659301758,MPC
2016-12-30,50.61000061035156,50.0,50.439998626708984,50.349998474121094,3477200.0,42.09787368774414,MPC
2017-01-03,54.59000015258789,52.439998626708984,53.70000076293945,52.93000030517578,13329200.0,44.255027770996094,MPC
2017-01-04,53.5,51.029998779296875,52.95000076293945,51.2400016784668,10980400.0,42.84200668334961,MPC
2017-01-05,51.790000915527344,50.029998779296875,51.5,51.04999923706055,9534900.0,42.68314743041992,MPC
2017-01-06,51.25,50.290000915527344,51.11000061035156,50.369998931884766,4748300.0,42.11458969116211,MPC
2017-01-09,50.220001220703125,49.36000061035156,50.04999923706055,49.459999084472656,8037700.0,41.35374069213867,MPC
2017-01-10,49.959999084472656,48.970001220703125,49.5,48.970001220703125,5124400.0,40.94404983520508,MPC
2017-01-11,50.0,49.099998474121094,49.400001525878906,49.65999984741211,6681500.0,41.52095413208008,MPC
2017-01-12,49.72999954223633,48.72999954223633,49.61000061035156,49.25,3952600.0,41.17815017700195,MPC
2017-01-13,49.13999938964844,47.849998474121094,48.90999984741211,48.380001068115234,5758400.0,40.45074462890625,MPC
2017-01-17,49.599998474121094,48.2599983215332,48.7400016784668,48.72999954223633,5121300.0,40.74338150024414,MPC
2017-01-18,49.34000015258789,48.20000076293945,48.34000015258789,48.900001525878906,3751600.0,40.88552474975586,MPC
2017-01-19,49.02000045776367,47.93000030517578,48.939998626708984,48.369998931884766,4185700.0,40.4423828125,MPC
2017-01-20,49.040000915527344,48.40999984741211,48.79999923706055,48.7599983215332,5033300.0,40.768463134765625,MPC
2017-01-23,48.77000045776367,48.119998931884766,48.560001373291016,48.720001220703125,8149200.0,40.735023498535156,MPC
2017-01-24,50.47999954223633,48.970001220703125,49.119998931884766,50.09000015258789,7319700.0,41.88048553466797,MPC
2017-01-25,50.310001373291016,49.15999984741211,50.290000915527344,49.66999816894531,7580200.0,41.529319763183594,MPC
2017-01-26,50.09000015258789,49.279998779296875,50.09000015258789,49.439998626708984,4333300.0,41.3370246887207,MPC
2017-01-27,50.0,48.66999816894531,49.59000015258789,49.08000183105469,5084000.0,41.036014556884766,MPC
2017-01-30,49.20000076293945,48.119998931884766,49.119998931884766,48.36000061035156,5473900.0,40.434017181396484,MPC
2017-01-31,48.599998474121094,46.880001068115234,48.540000915527344,48.04999923706055,5308900.0,40.17483139038086,MPC
2017-02-01,49.970001220703125,47.099998474121094,49.68000030517578,47.709999084472656,7659300.0,39.89055252075195,MPC
2017-02-02,48.5,47.43000030517578,48.439998626708984,47.900001525878906,4151300.0,40.04942321777344,MPC
2017-02-03,48.5,47.16999816894531,47.81999969482422,48.15999984741211,3778900.0,40.26679611206055,MPC
2017-02-06,48.75,47.79999923706055,48.189998626708984,48.369998931884766,7976500.0,40.4423828125,MPC
2017-02-07,48.5099983215332,47.58000183105469,48.130001068115234,47.93000030517578,3999700.0,40.074493408203125,MPC
2017-02-08,49.13999938964844,47.38999938964844,47.56999969482422,49.119998931884766,4461300.0,41.06946563720703,MPC
2017-02-09,50.08000183105469,49.22999954223633,49.650001525878906,49.93000030517578,4231700.0,41.7467041015625,MPC
2017-02-10,50.470001220703125,49.68000030517578,50.369998931884766,50.13999938964844,2787200.0,41.92229461669922,MPC
2017-02-13,50.68000030517578,49.91999816894531,50.130001068115234,50.279998779296875,3256400.0,42.039344787597656,MPC
2017-02-14,50.970001220703125,49.70000076293945,50.029998779296875,50.959999084472656,4359300.0,42.91516876220703,MPC
2017-02-15,51.15999984741211,50.27000045776367,50.790000915527344,50.63999938964844,4396100.0,42.64567947387695,MPC
2017-02-16,51.0,49.86000061035156,50.9900016784668,49.959999084472656,2955400.0,42.073028564453125,MPC
2017-02-17,50.04999923706055,49.40999984741211,49.66999816894531,50.02000045776367,3352700.0,42.12356185913086,MPC
2017-02-21,50.61000061035156,49.9900016784668,50.47999954223633,50.380001068115234,3963500.0,42.426727294921875,MPC
2017-02-22,50.369998931884766,49.56999969482422,50.099998474121094,49.810001373291016,3157900.0,41.94670104980469,MPC
2017-02-23,50.650001525878906,49.91999816894531,50.38999938964844,50.349998474121094,2673300.0,42.401466369628906,MPC
2017-02-24,50.040000915527344,49.43000030517578,50.0,50.029998779296875,3118700.0,42.13197708129883,MPC
2017-02-27,50.939998626708984,49.9900016784668,50.02000045776367,50.7599983215332,5134400.0,42.74673080444336,MPC
2017-02-28,51.16999816894531,49.4900016784668,50.5,49.599998474121094,5659400.0,41.769859313964844,MPC
2017-03-01,51.5,49.970001220703125,50.0,50.9900016784668,5952800.0,42.94042205810547,MPC
2017-03-02,51.40999984741211,50.400001525878906,50.900001525878906,51.040000915527344,4947400.0,42.9825439453125,MPC
2017-03-03,51.380001068115234,50.79999923706055,51.18000030517578,51.27000045776367,3990700.0,43.17621612548828,MPC
2017-03-06,51.310001373291016,50.5099983215332,51.040000915527344,51.150001525878906,6826700.0,43.075164794921875,MPC
2017-03-07,51.45000076293945,50.11000061035156,51.13999938964844,50.150001525878906,3413700.0,42.2330322265625,MPC
2017-03-08,50.939998626708984,50.08000183105469,50.150001525878906,50.220001220703125,5849200.0,42.29198455810547,MPC
2017-03-09,50.18000030517578,48.91999816894531,50.02000045776367,49.279998779296875,4951800.0,41.5003776550293,MPC
2017-03-10,49.95000076293945,48.970001220703125,49.58000183105469,49.869998931884766,4704400.0,41.99723815917969,MPC
2017-03-13,51.09000015258789,49.86000061035156,49.869998931884766,50.9900016784668,5771600.0,42.94042205810547,MPC
2017-03-14,50.59000015258789,49.66999816894531,50.41999816894531,50.0099983215332,5883000.0,42.115135192871094,MPC
2017-03-15,51.599998474121094,50.15999984741211,50.47999954223633,51.560001373291016,6299200.0,43.42044448852539,MPC
2017-03-16,52.2400016784668,51.11000061035156,51.650001525878906,51.18000030517578,5216100.0,43.100433349609375,MPC
2017-03-17,51.75,50.54999923706055,51.470001220703125,50.790000915527344,5309600.0,42.772003173828125,MPC
2017-03-20,50.810001373291016,50.15999984741211,50.65999984741211,50.5,5599300.0,42.52778244018555,MPC
2017-03-21,50.61000061035156,49.150001525878906,50.47999954223633,49.2599983215332,5192700.0,41.48353576660156,MPC
2017-03-22,49.83000183105469,48.93000030517578,49.11000061035156,49.56999969482422,4048700.0,41.74460220336914,MPC
2017-03-23,49.95000076293945,49.18000030517578,49.54999923706055,49.29999923706055,2721500.0,41.51721954345703,MPC
2017-03-24,49.52000045776367,48.810001373291016,49.5099983215332,48.869998931884766,3563200.0,41.15510177612305,MPC
2017-03-27,49.060001373291016,48.18000030517578,48.380001068115234,48.83000183105469,3191800.0,41.121421813964844,MPC
2017-03-28,49.15999984741211,48.61000061035156,48.93000030517578,49.029998779296875,4069800.0,41.28984069824219,MPC
2017-03-29,50.619998931884766,48.970001220703125,49.02000045776367,50.54999923706055,3867400.0,42.56989288330078,MPC
2017-03-30,50.810001373291016,50.0,50.599998474121094,50.13999938964844,5893200.0,42.2246208190918,MPC
2017-03-31,50.84000015258789,49.83000183105469,49.88999938964844,50.540000915527344,4851500.0,42.561466217041016,MPC
2017-04-03,50.84000015258789,49.630001068115234,50.68000030517578,49.939998626708984,2746700.0,42.056175231933594,MPC
2017-04-04,50.31999969482422,49.540000915527344,50.220001220703125,50.29999923706055,2445700.0,42.35935592651367,MPC
2017-04-05,51.18000030517578,49.400001525878906,50.65999984741211,49.439998626708984,4060300.0,41.63511276245117,MPC
2017-04-06,50.45000076293945,49.4900016784668,49.66999816894531,49.84000015258789,4536100.0,41.97196960449219,MPC
2017-04-07,50.43000030517578,49.5099983215332,49.75,50.02000045776367,3526800.0,42.12356185913086,MPC
2017-04-10,50.79999923706055,50.119998931884766,50.31999969482422,50.13999938964844,3773900.0,42.2246208190918,MPC
2017-04-11,50.540000915527344,49.90999984741211,50.189998626708984,50.43000030517578,4537300.0,42.46883773803711,MPC
2017-04-12,50.939998626708984,49.83000183105469,50.58000183105469,49.939998626708984,2986600.0,42.056175231933594,MPC
2017-04-13,50.0,49.099998474121094,49.86000061035156,49.2400016784668,3373800.0,41.46669006347656,MPC
2017-04-17,49.95000076293945,49.27000045776367,49.279998779296875,49.900001525878906,3563200.0,42.02248764038086,MPC
2017-04-18,50.0099983215332,48.63999938964844,49.599998474121094,48.939998626708984,3526500.0,41.21405029296875,MPC
2017-04-19,49.15999984741211,47.779998779296875,48.79999923706055,48.189998626708984,5526800.0,40.58245849609375,MPC
2017-04-20,49.02000045776367,48.130001068115234,48.279998779296875,48.540000915527344,3066800.0,40.877197265625,MPC
2017-04-21,49.0,48.36000061035156,48.5099983215332,48.560001373291016,4201400.0,40.89404296875,MPC
2017-04-24,50.439998626708984,49.11000061035156,49.36000061035156,50.189998626708984,5269900.0,42.2667121887207,MPC
2017-04-25,50.41999816894531,49.88999938964844,50.27000045776367,50.029998779296875,3813600.0,42.13197708129883,MPC
2017-04-26,50.11000061035156,49.31999969482422,49.7400016784668,49.599998474121094,4885500.0,41.769859313964844,MPC
2017-04-27,51.619998931884766,49.459999084472656,49.470001220703125,51.02000045776367,6786600.0,42.965694427490234,MPC
2017-04-28,51.33000183105469,50.68000030517578,51.31999969482422,50.939998626708984,3648500.0,42.8983154296875,MPC
2017-05-01,51.18000030517578,50.47999954223633,51.150001525878906,50.86000061035156,3340900.0,42.83094787597656,MPC
2017-05-02,51.619998931884766,51.02000045776367,51.08000183105469,51.41999816894531,4864100.0,43.30254364013672,MPC
2017-05-03,51.689998626708984,50.880001068115234,51.11000061035156,51.2400016784668,4533400.0,43.15096664428711,MPC
2017-05-04,51.11000061035156,49.369998931884766,51.11000061035156,49.560001373291016,5862400.0,41.736183166503906,MPC
2017-05-05,50.72999954223633,49.459999084472656,49.779998779296875,50.65999984741211,5806300.0,42.66252899169922,MPC
2017-05-08,51.5,50.40999984741211,50.619998931884766,51.34000015258789,5924100.0,43.23517608642578,MPC
2017-05-09,51.68000030517578,50.970001220703125,51.5,51.459999084472656,3965000.0,43.33623504638672,MPC
2017-05-10,52.66999816894531,51.310001373291016,51.83000183105469,52.34000015258789,5965600.0,44.077308654785156,MPC
2017-05-11,53.2400016784668,52.27000045776367,52.5,52.5099983215332,4701600.0,44.2204704284668,MPC
2017-05-12,53.040000915527344,52.380001068115234,52.41999816894531,52.66999816894531,2946500.0,44.3552131652832,MPC
2017-05-15,53.52000045776367,52.52000045776367,52.970001220703125,52.9900016784668,4787700.0,44.93179702758789,MPC
2017-05-16,52.72999954223633,51.77000045776367,52.72999954223633,52.47999954223633,5047000.0,44.499351501464844,MPC
2017-05-17,52.84000015258789,51.790000915527344,52.47999954223633,52.04999923706055,4348000.0,44.1347541809082,MPC
2017-05-18,52.459999084472656,51.29999923706055,51.65999984741211,51.939998626708984,4092200.0,44.04147720336914,MPC
2017-05-19,53.11000061035156,51.90999984741211,52.15999984741211,52.779998779296875,4718900.0,44.75373840332031,MPC
2017-05-22,53.18000030517578,52.689998626708984,52.939998626708984,52.97999954223633,2405400.0,44.92332077026367,MPC
2017-05-23,53.31999969482422,52.75,53.0,53.08000183105469,2199100.0,45.008121490478516,MPC
2017-05-24,53.27000045776367,52.7599983215332,52.939998626708984,53.130001068115234,2917100.0,45.05051040649414,MPC
2017-05-25,53.90999984741211,52.43000030517578,53.150001525878906,52.45000076293945,3952000.0,44.47391891479492,MPC
2017-05-26,52.869998931884766,52.2400016784668,52.41999816894531,52.81999969482422,3843600.0,44.787654876708984,MPC
2017-05-30,53.189998626708984,52.31999969482422,52.41999816894531,52.41999816894531,4004700.0,44.448486328125,MPC
2017-05-31,52.77000045776367,51.630001068115234,52.29999923706055,52.040000915527344,4572300.0,44.12626647949219,MPC
2017-06-01,53.56999969482422,52.380001068115234,52.43000030517578,53.130001068115234,8751100.0,45.05051040649414,MPC
2017-06-02,53.130001068115234,52.439998626708984,52.86000061035156,52.70000076293945,4461400.0,44.6859130859375,MPC
2017-06-05,53.15999984741211,52.439998626708984,52.56999969482422,52.79999923706055,3261500.0,44.770694732666016,MPC
2017-06-06,53.15999984741211,52.41999816894531,52.58000183105469,53.09000015258789,3252700.0,45.016597747802734,MPC
2017-06-07,53.16999816894531,52.470001220703125,52.84000015258789,52.970001220703125,3672800.0,44.914852142333984,MPC
2017-06-08,53.959999084472656,52.86000061035156,52.970001220703125,53.43000030517578,4652000.0,45.304893493652344,MPC
2017-06-09,54.970001220703125,53.459999084472656,53.54999923706055,54.709999084472656,9652000.0,46.39023971557617,MPC
2017-06-12,55.20000076293945,53.849998474121094,54.709999084472656,54.470001220703125,6217100.0,46.18674087524414,MPC
2017-06-13,55.04999923706055,54.34000015258789,54.47999954223633,55.029998779296875,3303700.0,46.66157531738281,MPC
2017-06-14,54.900001525878906,53.290000915527344,54.869998931884766,53.349998474121094,5523800.0,45.23705291748047,MPC
2017-06-15,53.33000183105469,52.7599983215332,53.099998474121094,52.9900016784668,4004500.0,44.93179702758789,MPC
2017-06-16,53.77000045776367,53.0099983215332,53.310001373291016,53.77000045776367,6775900.0,45.59318542480469,MPC
2017-06-19,54.369998931884766,53.810001373291016,53.810001373291016,54.290000915527344,3748000.0,46.03411865234375,MPC
2017-06-20,53.810001373291016,52.470001220703125,53.65999984741211,52.849998474121094,4838600.0,44.81309127807617,MPC
2017-06-21,53.0,51.18000030517578,52.93000030517578,51.72999954223633,5732100.0,43.86341094970703,MPC
2017-06-22,52.119998931884766,51.09000015258789,52.119998931884766,51.16999816894531,4936200.0,43.38856887817383,MPC
2017-06-23,51.650001525878906,50.7400016784668,51.189998626708984,51.5,6052500.0,43.66838455200195,MPC
2017-06-26,52.060001373291016,51.25,51.63999938964844,51.33000183105469,4827000.0,43.52423858642578,MPC
2017-06-27,52.349998474121094,51.08000183105469,51.400001525878906,51.849998474121094,3775100.0,43.96516036987305,MPC
2017-06-28,52.86000061035156,51.849998474121094,52.119998931884766,52.619998931884766,3171500.0,44.618072509765625,MPC
2017-06-29,53.02000045776367,51.720001220703125,52.88999938964844,51.810001373291016,4580500.0,43.93124008178711,MPC
2017-06-30,52.61000061035156,51.70000076293945,52.13999938964844,52.33000183105469,2917400.0,44.37217330932617,MPC
2017-07-03,53.369998931884766,52.619998931884766,52.630001068115234,53.099998474121094,1740700.0,45.02507781982422,MPC
2017-07-05,53.06999969482422,52.22999954223633,52.83000183105469,52.900001525878906,4098300.0,44.85548782348633,MPC
2017-07-06,53.52000045776367,52.619998931884766,53.13999938964844,52.849998474121094,3074600.0,44.81309127807617,MPC
2017-07-07,54.150001525878906,52.68000030517578,52.869998931884766,54.06999969482422,3908100.0,45.84757614135742,MPC
2017-07-10,54.5099983215332,53.90999984741211,53.95000076293945,54.08000183105469,3031300.0,45.85604476928711,MPC
2017-07-11,54.56999969482422,53.83000183105469,53.91999816894531,54.20000076293945,3288900.0,45.95780563354492,MPC
2017-07-12,54.79999923706055,53.72999954223633,54.7400016784668,53.7599983215332,2538600.0,45.58470916748047,MPC
2017-07-13,53.880001068115234,53.220001220703125,53.68000030517578,53.84000015258789,2614000.0,45.65254592895508,MPC
2017-07-14,54.04999923706055,53.599998474121094,53.810001373291016,53.810001373291016,2788700.0,45.62710952758789,MPC
2017-07-17,54.4900016784668,53.61000061035156,53.86000061035156,54.310001373291016,4615100.0,46.05107498168945,MPC
2017-07-18,54.84000015258789,54.220001220703125,54.619998931884766,54.83000183105469,2757900.0,46.49199295043945,MPC
2017-07-19,55.709999084472656,54.7400016784668,54.900001525878906,55.54999923706055,3365600.0,47.102508544921875,MPC
2017-07-20,55.83000183105469,54.810001373291016,55.7599983215332,55.400001525878906,3000500.0,46.97530746459961,MPC
2017-07-21,55.56999969482422,54.84000015258789,55.34000015258789,55.34000015258789,2101900.0,46.9244499206543,MPC
2017-07-24,55.869998931884766,55.33000183105469,55.56999969482422,55.560001373291016,2306100.0,47.11098861694336,MPC
2017-07-25,56.63999938964844,55.95000076293945,56.13999938964844,56.02000045776367,4102400.0,47.50102615356445,MPC
2017-07-26,56.61000061035156,55.63999938964844,56.38999938964844,55.65999984741211,4010500.0,47.19577407836914,MPC
2017-07-27,56.459999084472656,53.5099983215332,54.27000045776367,56.150001525878906,5047400.0,47.611263275146484,MPC
2017-07-28,56.209999084472656,54.93000030517578,55.91999816894531,54.97999954223633,3412400.0,46.61919021606445,MPC
2017-07-31,56.20000076293945,55.02000045776367,55.15999984741211,55.9900016784668,2973100.0,47.47559356689453,MPC
2017-08-01,56.810001373291016,55.90999984741211,56.11000061035156,56.529998779296875,2918400.0,47.933475494384766,MPC
2017-08-02,56.689998626708984,56.060001373291016,56.150001525878906,56.20000076293945,2908200.0,47.653663635253906,MPC
2017-08-03,56.27000045776367,55.75,56.04999923706055,55.88999938964844,2683000.0,47.39080047607422,MPC
2017-08-04,56.45000076293945,55.65999984741211,55.97999954223633,55.790000915527344,3467600.0,47.30601119995117,MPC
2017-08-07,55.70000076293945,54.849998474121094,55.59000015258789,54.900001525878906,3182600.0,46.55134963989258,MPC
2017-08-08,55.060001373291016,54.310001373291016,54.900001525878906,54.439998626708984,2312200.0,46.16130447387695,MPC
2017-08-09,54.689998626708984,52.83000183105469,54.43000030517578,52.9900016784668,4329200.0,44.93179702758789,MPC
2017-08-10,53.040000915527344,52.130001068115234,53.040000915527344,52.209999084472656,3676200.0,44.27041244506836,MPC
2017-08-11,52.349998474121094,51.689998626708984,52.029998779296875,52.15999984741211,3303500.0,44.22801971435547,MPC
2017-08-14,52.689998626708984,52.060001373291016,52.08000183105469,52.310001373291016,2248700.0,44.697994232177734,MPC
2017-08-15,52.369998931884766,51.7599983215332,52.25,51.88999938964844,3015500.0,44.339107513427734,MPC
2017-08-16,52.060001373291016,50.90999984741211,52.0,51.060001373291016,3896700.0,43.629878997802734,MPC
2017-08-17,50.88999938964844,49.68000030517578,50.720001220703125,49.70000076293945,4586200.0,42.46778869628906,MPC
2017-08-18,50.540000915527344,49.43000030517578,49.619998931884766,50.11000061035156,3661300.0,42.8181266784668,MPC
2017-08-21,50.099998474121094,49.45000076293945,50.06999969482422,49.45000076293945,3561100.0,42.25416946411133,MPC
2017-08-22,49.959999084472656,49.29999923706055,49.709999084472656,49.66999816894531,3257500.0,42.442161560058594,MPC
2017-08-23,50.380001068115234,49.33000183105469,49.43000030517578,50.16999816894531,4527200.0,42.86939239501953,MPC
2017-08-24,51.540000915527344,50.189998626708984,50.2599983215332,51.130001068115234,4070100.0,43.689693450927734,MPC
2017-08-25,52.20000076293945,51.36000061035156,51.470001220703125,51.720001220703125,3101400.0,44.19384765625,MPC
2017-08-28,52.970001220703125,52.029998779296875,52.33000183105469,52.52000045776367,5812400.0,44.87742614746094,MPC
2017-08-29,52.52000045776367,51.119998931884766,52.16999816894531,51.43000030517578,5375900.0,43.946044921875,MPC
2017-08-30,52.540000915527344,51.369998931884766,51.529998779296875,52.33000183105469,4249300.0,44.715084075927734,MPC
2017-08-31,52.86000061035156,52.0,52.54999923706055,52.45000076293945,4895500.0,44.81761169433594,MPC
2017-09-01,54.31999969482422,52.5,52.54999923706055,54.279998779296875,3976600.0,46.381317138671875,MPC
2017-09-05,53.65999984741211,50.52000045776367,53.58000183105469,51.790000915527344,8363200.0,44.253658294677734,MPC
2017-09-06,52.56999969482422,51.4900016784668,51.63999938964844,52.369998931884766,6461900.0,44.7492561340332,MPC
2017-09-07,53.099998474121094,52.34000015258789,52.630001068115234,52.630001068115234,3902700.0,44.97142791748047,MPC
2017-09-08,53.709999084472656,52.52000045776367,52.65999984741211,53.41999816894531,4656400.0,45.646461486816406,MPC
2017-09-11,53.84000015258789,52.59000015258789,53.47999954223633,53.75,4580100.0,45.92844009399414,MPC
2017-09-12,54.47999954223633,53.58000183105469,53.95000076293945,53.77000045776367,3425900.0,45.94552993774414,MPC
2017-09-13,54.08000183105469,52.709999084472656,54.0,53.209999084472656,4395700.0,45.46702575683594,MPC
2017-09-14,53.33000183105469,52.310001373291016,53.27000045776367,52.34000015258789,5402000.0,44.72362518310547,MPC
2017-09-15,53.119998931884766,52.2599983215332,52.36000061035156,52.959999084472656,9062800.0,45.253395080566406,MPC
2017-09-18,53.72999954223633,52.93000030517578,53.060001373291016,53.58000183105469,4522000.0,45.783199310302734,MPC
2017-09-19,54.34000015258789,53.380001068115234,53.75,54.20000076293945,4522500.0,46.312965393066406,MPC
2017-09-20,54.70000076293945,54.029998779296875,54.380001068115234,54.43000030517578,4221700.0,46.50948715209961,MPC
2017-09-21,54.88999938964844,54.2599983215332,54.43000030517578,54.369998931884766,4037800.0,46.45822525024414,MPC
2017-09-22,55.02000045776367,54.130001068115234,54.2400016784668,54.72999954223633,3681400.0,46.76583480834961,MPC
2017-09-25,55.810001373291016,54.97999954223633,55.0,55.529998779296875,4594600.0,47.44942092895508,MPC
2017-09-26,55.650001525878906,55.06999969482422,55.36000061035156,55.380001068115234,4032800.0,47.321258544921875,MPC
2017-09-27,55.779998779296875,54.61000061035156,54.61000061035156,55.2400016784668,3857900.0,47.20161437988281,MPC
2017-09-28,55.779998779296875,55.150001525878906,55.2599983215332,55.470001220703125,3762900.0,47.39815139770508,MPC
2017-09-29,56.54999923706055,55.290000915527344,55.459999084472656,56.08000183105469,3723900.0,47.91938781738281,MPC
2017-10-02,56.27000045776367,55.529998779296875,55.939998626708984,55.88999938964844,2712500.0,47.75703811645508,MPC
2017-10-03,56.310001373291016,55.25,55.529998779296875,56.13999938964844,3199900.0,47.97065353393555,MPC
2017-10-04,56.70000076293945,55.900001525878906,56.15999984741211,56.310001373291016,2804600.0,48.11591339111328,MPC
2017-10-05,56.900001525878906,56.13999938964844,56.47999954223633,56.25,2886500.0,48.06465148925781,MPC
2017-10-06,56.400001525878906,55.709999084472656,55.79999923706055,56.02000045776367,3917400.0,47.86811447143555,MPC
2017-10-09,56.4900016784668,56.040000915527344,56.130001068115234,56.13999938964844,3281500.0,47.97065353393555,MPC
2017-10-10,57.02000045776367,56.18000030517578,56.720001220703125,56.25,3621700.0,48.06465148925781,MPC
2017-10-11,56.540000915527344,56.13999938964844,56.310001373291016,56.220001220703125,4164100.0,48.03901672363281,MPC
2017-10-12,56.900001525878906,55.79999923706055,56.0,56.54999923706055,3048400.0,48.32099533081055,MPC
2017-10-13,56.91999816894531,56.290000915527344,56.88999938964844,56.369998931884766,2839200.0,48.16718673706055,MPC
2017-10-16,56.56999969482422,55.68000030517578,56.41999816894531,55.720001220703125,5437900.0,47.61177444458008,MPC
2017-10-17,56.529998779296875,55.72999954223633,55.7400016784668,56.5099983215332,3017900.0,48.28681182861328,MPC
2017-10-18,56.86000061035156,56.400001525878906,56.52000045776367,56.75,2905800.0,48.49188995361328,MPC
2017-10-19,57.13999938964844,56.16999816894531,56.41999816894531,57.099998474121094,3403700.0,48.79096603393555,MPC
2017-10-20,57.7400016784668,57.150001525878906,57.29999923706055,57.4900016784668,3904900.0,49.12420654296875,MPC
2017-10-23,57.4900016784668,56.2599983215332,57.47999954223633,56.34000015258789,3734700.0,48.14155578613281,MPC
2017-10-24,57.27000045776367,56.540000915527344,56.540000915527344,56.9900016784668,3428900.0,48.69697952270508,MPC
2017-10-25,57.13999938964844,55.88999938964844,56.959999084472656,56.439998626708984,4895500.0,48.22699737548828,MPC
2017-10-26,57.91999816894531,55.869998931884766,57.52000045776367,57.27000045776367,4239300.0,48.936222076416016,MPC
2017-10-27,58.93000030517578,57.400001525878906,57.68000030517578,58.470001220703125,4159900.0,49.96160888671875,MPC
2017-10-30,59.56999969482422,58.25,58.5,59.060001373291016,3887700.0,50.46574783325195,MPC
2017-10-31,60.15999984741211,58.83000183105469,59.779998779296875,59.7400016784668,5157600.0,51.04679870605469,MPC
2017-11-01,61.900001525878906,60.06999969482422,60.2400016784668,60.88999938964844,5609400.0,52.029449462890625,MPC
2017-11-02,62.34000015258789,60.869998931884766,61.060001373291016,62.16999816894531,5216100.0,53.12318420410156,MPC
2017-11-03,62.779998779296875,61.900001525878906,62.2599983215332,62.20000076293945,3660700.0,53.14881896972656,MPC
2017-11-06,62.529998779296875,62.099998474121094,62.34000015258789,62.349998474121094,3695400.0,53.2769889831543,MPC
2017-11-07,63.119998931884766,62.150001525878906,62.58000183105469,63.11000061035156,3725400.0,53.9264030456543,MPC
2017-11-08,63.40999984741211,62.560001373291016,63.290000915527344,63.220001220703125,4834200.0,54.0203971862793,MPC
2017-11-09,62.72999954223633,60.900001525878906,62.619998931884766,61.65999984741211,5014800.0,52.687400817871094,MPC
2017-11-10,62.279998779296875,61.61000061035156,61.97999954223633,61.720001220703125,3220100.0,52.73866653442383,MPC
2017-11-13,62.54999923706055,61.709999084472656,61.790000915527344,62.20000076293945,2823400.0,53.14881896972656,MPC
2017-11-14,63.08000183105469,61.95000076293945,62.31999969482422,62.869998931884766,4490200.0,53.72132110595703,MPC
2017-11-15,61.810001373291016,60.099998474121094,60.45000076293945,61.5,4743600.0,52.88717269897461,MPC
2017-11-16,62.58000183105469,61.150001525878906,61.5099983215332,62.0099983215332,3981300.0,53.32574462890625,MPC
2017-11-17,62.45000076293945,61.63999938964844,61.849998474121094,62.27000045776367,3195900.0,53.54933547973633,MPC
2017-11-20,62.529998779296875,61.75,62.11000061035156,61.939998626708984,2573100.0,53.26554489135742,MPC
2017-11-21,62.36000061035156,61.79999923706055,62.189998626708984,62.290000915527344,2532400.0,53.566532135009766,MPC
2017-11-22,62.400001525878906,61.2599983215332,62.349998474121094,62.0099983215332,2956000.0,53.32574462890625,MPC
2017-11-24,62.25,61.58000183105469,62.15999984741211,62.029998779296875,1407400.0,53.34294891357422,MPC
2017-11-27,62.45000076293945,61.599998474121094,61.95000076293945,61.880001068115234,6393000.0,53.213958740234375,MPC
2017-11-28,62.380001068115234,61.65999984741211,62.290000915527344,62.220001220703125,2889900.0,53.50633239746094,MPC
2017-11-29,62.2400016784668,60.95000076293945,62.0099983215332,61.400001525878906,4231000.0,52.80117416381836,MPC
2017-11-30,62.779998779296875,61.439998626708984,61.689998626708984,62.630001068115234,4883700.0,53.85892868041992,MPC
2017-12-01,63.060001373291016,61.59000015258789,62.81999969482422,62.84000015258789,5187800.0,54.03950119018555,MPC
2017-12-04,64.31999969482422,62.61000061035156,62.91999816894531,63.29999923706055,4242900.0,54.43508529663086,MPC
2017-12-05,65.41000366210938,63.15999984741211,63.41999816894531,64.54000091552734,4256100.0,55.501434326171875,MPC
2017-12-06,64.45999908447266,63.27000045776367,64.31999969482422,63.459999084472656,2354800.0,54.57267761230469,MPC
2017-12-07,64.06999969482422,63.0,63.099998474121094,64.0,3362700.0,55.03705978393555,MPC
2017-12-08,64.94000244140625,63.95000076293945,64.19000244140625,64.75,3084700.0,55.68202209472656,MPC
2017-12-11,65.08000183105469,64.33000183105469,64.45999908447266,64.45999908447266,2768800.0,55.43263626098633,MPC
2017-12-12,65.29000091552734,64.2699966430664,64.81999969482422,64.48999786376953,2591600.0,55.458431243896484,MPC
2017-12-13,64.41000366210938,63.79999923706055,64.30000305175781,64.1500015258789,2966100.0,55.16604995727539,MPC
2017-12-14,65.04000091552734,64.05999755859375,64.16000366210938,64.66000366210938,4319000.0,55.60462951660156,MPC
2017-12-15,66.19000244140625,64.69999694824219,64.94999694824219,65.75,10013900.0,56.541969299316406,MPC
2017-12-18,66.37999725341797,65.7300033569336,65.87000274658203,66.01000213623047,3386400.0,56.765567779541016,MPC
2017-12-19,66.12000274658203,64.68000030517578,66.02999877929688,64.75,4367500.0,55.68202209472656,MPC
2017-12-20,65.86000061035156,64.76000213623047,65.05999755859375,65.66000366210938,5163600.0,56.46458053588867,MPC
2017-12-21,66.79000091552734,65.41999816894531,65.69999694824219,66.33000183105469,5675700.0,57.040748596191406,MPC
2017-12-22,66.8499984741211,66.22000122070312,66.69999694824219,66.36000061035156,3449500.0,57.06653594970703,MPC
2017-12-26,67.06999969482422,66.41000366210938,66.55000305175781,66.83999633789062,2309900.0,57.47931671142578,MPC
2017-12-27,66.88999938964844,66.36000061035156,66.72000122070312,66.41999816894531,2195500.0,57.11814498901367,MPC
2017-12-28,66.55999755859375,66.16000366210938,66.43000030517578,66.4000015258789,3124400.0,57.1009407043457,MPC
2017-12-29,66.75,65.95999908447266,66.47000122070312,65.9800033569336,2289100.0,56.73976516723633,MPC
2018-01-02,67.25,65.9800033569336,66.11000061035156,67.18000030517578,3055900.0,57.771705627441406,MPC
2018-01-03,68.97000122070312,67.41000366210938,67.45999908447266,68.61000061035156,4844000.0,59.00144577026367,MPC
2018-01-04,69.05999755859375,68.4000015258789,68.66000366210938,68.68000030517578,3156400.0,59.0616340637207,MPC
2018-01-05,69.45999908447266,68.51000213623047,68.87000274658203,69.33999633789062,3512300.0,59.62919998168945,MPC
2018-01-08,69.68000030517578,69.01000213623047,69.06999969482422,69.38999938964844,3212600.0,59.67220687866211,MPC
2018-01-09,69.55000305175781,68.91000366210938,69.38999938964844,69.0,2980300.0,59.33683776855469,MPC
2018-01-10,69.62999725341797,68.44999694824219,68.79000091552734,69.51000213623047,2719400.0,59.77539825439453,MPC
2018-01-11,70.43000030517578,69.3499984741211,69.72000122070312,70.25,2494500.0,60.41176223754883,MPC
2018-01-12,71.5,70.47000122070312,70.47000122070312,71.41999816894531,2628200.0,61.417903900146484,MPC
2018-01-16,71.83000183105469,70.61000061035156,71.5999984741211,70.77999877929688,4401500.0,60.8675422668457,MPC
2018-01-17,72.4800033569336,70.91999816894531,71.11000061035156,71.9800033569336,3489700.0,61.89949417114258,MPC
2018-01-18,72.5199966430664,71.16000366210938,71.77999877929688,71.48999786376953,3610600.0,61.478118896484375,MPC
2018-01-19,72.02999877929688,71.08999633789062,71.66000366210938,71.88999938964844,3894300.0,61.82209014892578,MPC
2018-01-22,73.19999694824219,71.72000122070312,72.04000091552734,73.16000366210938,4365700.0,62.914241790771484,MPC
2018-01-23,73.5,72.63999938964844,73.30999755859375,73.12000274658203,2852600.0,62.87983322143555,MPC
2018-01-24,73.52999877929688,71.29000091552734,73.37000274658203,71.58999633789062,3933900.0,61.56409454345703,MPC
2018-01-25,72.2300033569336,71.01000213623047,72.08000183105469,71.08000183105469,2894300.0,61.12553024291992,MPC
2018-01-26,72.0199966430664,71.19000244140625,71.29000091552734,71.73999786376953,3556100.0,61.693092346191406,MPC
2018-01-29,71.75,69.97000122070312,71.51000213623047,70.1500015258789,4153100.0,60.32579040527344,MPC
2018-01-30,69.58000183105469,67.80999755859375,69.05000305175781,69.12999725341797,4841700.0,59.4486198425293,MPC
2018-01-31,69.63999938964844,68.20999908447266,69.23999786376953,69.2699966430664,6425000.0,59.56900405883789,MPC
2018-02-01,70.48999786376953,67.12000274658203,69.7699966430664,68.69000244140625,6953500.0,59.07023239135742,MPC
2018-02-02,69.44999694824219,66.80999755859375,68.33000183105469,67.41000366210938,5035100.0,57.96950149536133,MPC
2018-02-05,67.44000244140625,63.22999954223633,66.08000183105469,64.58000183105469,5891600.0,55.53583526611328,MPC
2018-02-06,65.94000244140625,62.2599983215332,62.93000030517578,65.69000244140625,4615400.0,56.490379333496094,MPC
2018-02-07,67.63999938964844,64.94000244140625,66.95999908447266,65.08999633789062,5065000.0,55.97439956665039,MPC
2018-02-08,65.3499984741211,62.77000045776367,64.91000366210938,62.790000915527344,4379300.0,53.996517181396484,MPC
2018-02-09,64.58000183105469,61.459999084472656,63.45000076293945,63.84000015258789,4871400.0,54.89945602416992,MPC
2018-02-12,65.69999694824219,64.0199966430664,64.4800033569336,64.7699966430664,3423700.0,55.699214935302734,MPC
2018-02-13,66.4000015258789,64.29000091552734,64.66999816894531,66.08000183105469,3571000.0,56.82575988769531,MPC
2018-02-14,68.41999816894531,65.18000030517578,65.45999908447266,68.16000366210938,4690000.0,58.614463806152344,MPC
2018-02-15,68.81999969482422,66.87999725341797,68.16000366210938,67.80000305175781,4187200.0,58.30487823486328,MPC
2018-02-16,68.43000030517578,66.9800033569336,67.5999984741211,67.93000030517578,3301300.0,58.41667175292969,MPC
2018-02-20,67.88999938964844,65.83000183105469,67.44999694824219,66.25,3236000.0,57.36037826538086,MPC
2018-02-21,67.48999786376953,66.12999725341797,66.29000091552734,66.2699966430664,4522200.0,57.377685546875,MPC
2018-02-22,67.6500015258789,66.41000366210938,66.52999877929688,66.45999908447266,4149500.0,57.54220199584961,MPC
2018-02-23,67.16999816894531,65.76000213623047,66.87999725341797,66.80999755859375,2896400.0,57.845237731933594,MPC
2018-02-26,67.05000305175781,66.05999755859375,66.91999816894531,66.29000091552734,3243200.0,57.39501190185547,MPC
2018-02-27,67.08999633789062,65.58999633789062,66.16000366210938,65.5999984741211,4395600.0,56.79758834838867,MPC
2018-02-28,65.95999908447266,64.05000305175781,65.95999908447266,64.05999755859375,5536600.0,55.4642333984375,MPC
2018-03-01,65.58000183105469,64.13999938964844,64.2699966430664,64.79000091552734,4264800.0,56.096282958984375,MPC
2018-03-02,65.41999816894531,64.0999984741211,64.37999725341797,65.19000244140625,2890100.0,56.44261169433594,MPC
2018-03-05,66.5,64.5999984741211,64.87999725341797,66.16000366210938,3662000.0,57.2824592590332,MPC
2018-03-06,67.87000274658203,66.2300033569336,66.62000274658203,67.38999938964844,3730300.0,58.347412109375,MPC
2018-03-07,68.11000061035156,66.68000030517578,66.95999908447266,67.68000030517578,3536800.0,58.59849166870117,MPC
2018-03-08,69.06999969482422,67.38999938964844,68.12000274658203,69.02999877929688,4015600.0,59.76735305786133,MPC
2018-03-09,70.68000030517578,69.43000030517578,69.7300033569336,70.22000122070312,4110400.0,60.79766845703125,MPC
2018-03-12,70.4800033569336,69.16999816894531,70.23999786376953,69.2699966430664,3175900.0,59.975135803222656,MPC
2018-03-13,70.29000091552734,68.7699966430664,69.37999725341797,69.23999786376953,3246000.0,59.94917297363281,MPC
2018-03-14,70.0199966430664,69.1500015258789,69.6500015258789,69.36000061035156,3328600.0,60.053070068359375,MPC
2018-03-15,69.7699966430664,67.44999694824219,69.55999755859375,68.62999725341797,4534800.0,59.4210205078125,MPC
2018-03-16,69.9800033569336,68.5,68.51000213623047,69.68000030517578,6081700.0,60.33013916015625,MPC
2018-03-19,69.56999969482422,68.72000122070312,69.4000015258789,69.20999908447266,2774000.0,59.92319107055664,MPC
2018-03-20,71.81999969482422,69.44000244140625,69.69999694824219,71.45999908447266,4723500.0,61.87129211425781,MPC
2018-03-21,73.87999725341797,71.70999908447266,71.80999755859375,73.20999908447266,4355900.0,63.38645935058594,MPC
2018-03-22,73.88999938964844,72.11000061035156,72.37000274658203,72.97000122070312,3809500.0,63.17867660522461,MPC
2018-03-23,74.4800033569336,71.16999816894531,73.4000015258789,71.27999877929688,5858200.0,61.715431213378906,MPC
2018-03-26,74.05999755859375,72.08000183105469,72.0999984741211,73.68000030517578,4245400.0,63.79340362548828,MPC
2018-03-27,74.91999816894531,72.4000015258789,73.87999725341797,72.87999725341797,3640400.0,63.100738525390625,MPC
2018-03-28,73.43000030517578,71.58999633789062,73.12999725341797,71.81999969482422,4082300.0,62.18299102783203,MPC
2018-03-29,73.63999938964844,72.12999725341797,72.2300033569336,73.11000061035156,2790900.0,63.29987716674805,MPC
2018-04-02,73.37999725341797,70.83999633789062,72.94999694824219,71.80000305175781,3372600.0,62.16566848754883,MPC
2018-04-03,72.79000091552734,71.37999725341797,72.69999694824219,72.5999984741211,3660000.0,62.85832214355469,MPC
2018-04-04,72.81999969482422,70.30999755859375,71.58999633789062,72.56999969482422,4382800.0,62.83234405517578,MPC
2018-04-05,73.94999694824219,72.7300033569336,73.23999786376953,73.41000366210938,4706500.0,63.55963134765625,MPC
2018-04-06,73.45999908447266,71.52999877929688,72.70999908447266,72.44999694824219,3211500.0,62.72844696044922,MPC
2018-04-09,72.98999786376953,71.6500015258789,72.47000122070312,71.66999816894531,3889800.0,62.05310821533203,MPC
2018-04-10,74.12999725341797,72.86000061035156,72.94000244140625,73.69999694824219,3906500.0,63.81070327758789,MPC
2018-04-11,74.47000122070312,73.41000366210938,73.70999908447266,74.0199966430664,3916800.0,64.0877685546875,MPC
2018-04-12,74.62000274658203,73.41999816894531,74.30000305175781,74.25,2357900.0,64.28691864013672,MPC
2018-04-13,75.0,73.97000122070312,74.45999908447266,74.58999633789062,2485600.0,64.5812759399414,MPC
2018-04-16,77.91999816894531,74.77999877929688,74.9800033569336,77.5199966430664,4840000.0,67.1181411743164,MPC
2018-04-17,78.81999969482422,76.5999984741211,77.79000091552734,78.55000305175781,3866200.0,68.00993347167969,MPC
2018-04-18,79.9800033569336,78.51000213623047,79.06999969482422,78.77999877929688,4192700.0,68.20907592773438,MPC
2018-04-19,79.80999755859375,78.20999908447266,78.80000305175781,79.4000015258789,3147600.0,68.7458724975586,MPC
2018-04-20,80.04000091552734,79.13999938964844,79.4000015258789,79.76000213623047,2557700.0,69.05755615234375,MPC
2018-04-23,80.22000122070312,78.87999725341797,79.9800033569336,79.8499984741211,2946900.0,69.135498046875,MPC
2018-04-24,81.62999725341797,79.12000274658203,80.31999969482422,79.77999877929688,4744100.0,69.07487487792969,MPC
2018-04-25,80.27999877929688,78.18000030517578,79.19000244140625,80.2300033569336,3272000.0,69.46450805664062,MPC
2018-04-26,83.2699966430664,79.95999908447266,80.69999694824219,82.93000030517578,4330100.0,71.80220794677734,MPC
2018-04-27,82.62999725341797,81.30999755859375,82.55999755859375,81.43000030517578,3287700.0,70.50348663330078,MPC
2018-04-30,79.01000213623047,74.0999984741211,75.47000122070312,74.91000366210938,28076500.0,64.85835266113281,MPC
2018-05-01,74.43000030517578,70.45999908447266,74.27999877929688,72.9000015258789,20929500.0,63.11807632446289,MPC
2018-05-02,77.62999725341797,72.94000244140625,73.27999877929688,75.83999633789062,13325500.0,65.6635513305664,MPC
2018-05-03,77.72000122070312,74.5199966430664,76.27999877929688,77.45999908447266,9029100.0,67.06619262695312,MPC
2018-05-04,77.51000213623047,76.0999984741211,76.9000015258789,76.94000244140625,5612100.0,66.615966796875,MPC
2018-05-07,78.97000122070312,76.45999908447266,77.2300033569336,76.5,5856900.0,66.23500061035156,MPC
2018-05-08,76.91999816894531,74.27999877929688,76.43000030517578,75.30999755859375,6857100.0,65.20468139648438,MPC
2018-05-09,78.11000061035156,75.83999633789062,76.16999816894531,77.11000061035156,4827000.0,66.76313781738281,MPC
2018-05-10,78.25,76.62000274658203,77.94000244140625,77.54000091552734,4532100.0,67.13545989990234,MPC
2018-05-11,77.97000122070312,76.98999786376953,77.72000122070312,77.33000183105469,3549200.0,66.95361328125,MPC
2018-05-14,78.5999984741211,77.5199966430664,77.83999633789062,78.33999633789062,4936700.0,67.8281021118164,MPC
2018-05-15,78.63999938964844,76.72000122070312,77.8499984741211,77.29000091552734,5869400.0,67.31427001953125,MPC
2018-05-16,77.2699966430664,75.93000030517578,77.0999984741211,76.7300033569336,6890300.0,66.8265380859375,MPC
2018-05-17,80.91999816894531,77.23999786376953,77.5999984741211,80.70999908447266,9675600.0,70.29283905029297,MPC
2018-05-18,80.72000122070312,79.0999984741211,80.58000183105469,79.52999877929688,4015700.0,69.26514434814453,MPC
2018-05-21,80.11000061035156,78.58999633789062,79.9800033569336,78.8499984741211,3866500.0,68.67289733886719,MPC
2018-05-22,80.36000061035156,78.25,79.16000366210938,78.48999786376953,4111900.0,68.35935974121094,MPC
2018-05-23,78.93000030517578,77.20999908447266,77.7699966430664,78.87000274658203,4419300.0,68.6903305053711,MPC
2018-05-24,79.26000213623047,77.55000305175781,78.16999816894531,79.11000061035156,6090000.0,68.89935302734375,MPC
2018-05-25,77.97000122070312,75.93000030517578,77.9000015258789,77.0,6419000.0,67.0616683959961,MPC
2018-05-29,78.83999633789062,76.52999877929688,77.01000213623047,77.61000061035156,6145500.0,67.59295654296875,MPC
2018-05-30,80.47000122070312,77.95999908447266,78.7699966430664,79.55000305175781,6100600.0,69.28256225585938,MPC
2018-05-31,82.69000244140625,79.02999877929688,79.4000015258789,79.02999877929688,8272100.0,68.82967376708984,MPC
2018-06-01,82.02999877929688,79.0,79.77999877929688,81.91999816894531,6979800.0,71.34666442871094,MPC
2018-06-04,83.33000183105469,81.55000305175781,82.30000305175781,81.93000030517578,6655300.0,71.3553695678711,MPC
2018-06-05,82.19999694824219,79.7300033569336,81.9000015258789,80.33000183105469,4851800.0,69.9618911743164,MPC
2018-06-06,80.1500015258789,77.55000305175781,80.05000305175781,78.76000213623047,6320300.0,68.59452056884766,MPC
2018-06-07,79.61000061035156,78.3499984741211,79.5199966430664,79.1500015258789,4197600.0,68.93419647216797,MPC
2018-06-08,79.33999633789062,78.02999877929688,78.83999633789062,78.98999786376953,4058800.0,68.79484558105469,MPC
2018-06-11,78.94000244140625,76.83999633789062,78.94000244140625,77.7699966430664,5268200.0,67.7322998046875,MPC
2018-06-12,78.30999755859375,75.22000122070312,77.88999938964844,75.45999908447266,7553200.0,65.72044372558594,MPC
2018-06-13,75.79000091552734,74.44000244140625,75.61000061035156,74.87999725341797,4645600.0,65.21531677246094,MPC
2018-06-14,76.19000244140625,75.08000183105469,75.61000061035156,75.19000244140625,4880500.0,65.48529815673828,MPC
2018-06-15,75.45999908447266,73.2699966430664,74.70999908447266,73.55999755859375,8448900.0,64.06568908691406,MPC
2018-06-18,75.2300033569336,73.25,73.63999938964844,74.79000091552734,4517800.0,65.13692474365234,MPC
2018-06-19,75.1500015258789,73.70999908447266,74.01000213623047,74.5199966430664,3828100.0,64.90177917480469,MPC
2018-06-20,74.91000366210938,73.30000305175781,74.5,73.81999969482422,3217200.0,64.29212188720703,MPC
2018-06-21,73.80000305175781,72.2300033569336,73.45999908447266,72.4800033569336,4776300.0,63.125083923339844,MPC
2018-06-22,74.18000030517578,72.55999755859375,74.02999877929688,72.62000274658203,11180200.0,63.247005462646484,MPC
2018-06-25,72.9000015258789,69.27999877929688,72.83000183105469,69.97000122070312,7899400.0,60.93903350830078,MPC
2018-06-26,71.2300033569336,70.05000305175781,70.06999969482422,70.54000091552734,4478800.0,61.435482025146484,MPC
2018-06-27,71.69000244140625,69.02999877929688,71.0199966430664,69.19999694824219,5758900.0,60.2684211730957,MPC
2018-06-28,70.4800033569336,69.05999755859375,69.47000122070312,69.48999786376953,4546300.0,60.520999908447266,MPC
2018-06-29,71.2699966430664,69.70999908447266,69.91000366210938,70.16000366210938,5576800.0,61.104530334472656,MPC
2018-07-02,70.4000015258789,69.19999694824219,69.69000244140625,70.2699966430664,5351000.0,61.20033264160156,MPC
2018-07-03,72.62000274658203,70.27999877929688,70.55000305175781,70.81999969482422,6832100.0,61.67933654785156,MPC
2018-07-05,72.45999908447266,68.18000030517578,71.41000366210938,69.5999984741211,8436100.0,60.61680221557617,MPC
2018-07-06,70.9800033569336,69.12000274658203,69.20999908447266,70.19999694824219,4055100.0,61.13936233520508,MPC
2018-07-09,72.16999816894531,70.4000015258789,70.44000244140625,71.81999969482422,5463300.0,62.55027389526367,MPC
2018-07-10,73.18000030517578,71.77999877929688,71.88999938964844,71.87000274658203,3965500.0,62.59382247924805,MPC
2018-07-11,71.69000244140625,69.30000305175781,70.95999908447266,69.95999908447266,4441200.0,60.930328369140625,MPC
2018-07-12,70.66999816894531,69.2699966430664,70.52999877929688,70.51000213623047,3951200.0,61.409339904785156,MPC
2018-07-13,71.9800033569336,70.4800033569336,70.87000274658203,71.73999786376953,4884600.0,62.48058319091797,MPC
2018-07-16,71.9000015258789,70.79000091552734,71.05000305175781,71.41999816894531,3077100.0,62.201881408691406,MPC
2018-07-17,72.6500015258789,70.83000183105469,71.37999725341797,71.69999694824219,3110700.0,62.445743560791016,MPC
2018-07-18,72.75,70.61000061035156,71.47000122070312,72.55999755859375,5089500.0,63.19475555419922,MPC
2018-07-19,73.44999694824219,72.5999984741211,72.88999938964844,72.86000061035156,3148700.0,63.456031799316406,MPC
2018-07-20,73.26000213623047,72.0999984741211,72.6500015258789,72.5199966430664,4231700.0,63.15991973876953,MPC
2018-07-23,73.38999938964844,72.30999755859375,73.05999755859375,73.0,3605800.0,63.57795333862305,MPC
2018-07-24,74.55999755859375,73.04000091552734,73.43000030517578,73.73999786376953,4223600.0,64.22245025634766,MPC
2018-07-25,74.86000061035156,73.36000061035156,73.86000061035156,74.72000122070312,5236300.0,65.07595825195312,MPC
2018-07-26,80.62999725341797,75.41000366210938,75.88999938964844,80.16000366210938,11435400.0,69.81382751464844,MPC
2018-07-27,81.9000015258789,79.69999694824219,80.62000274658203,80.98999786376953,5450900.0,70.53671264648438,MPC
2018-07-30,82.2699966430664,81.19000244140625,81.66000366210938,81.5,4166200.0,70.98088836669922,MPC
2018-07-31,82.61000061035156,80.72000122070312,81.62000274658203,80.83000183105469,4686700.0,70.3973617553711,MPC
2018-08-01,81.06999969482422,79.8499984741211,80.25,80.76000213623047,4279400.0,70.33639526367188,MPC
2018-08-02,80.30000305175781,79.22000122070312,80.27999877929688,79.7300033569336,3785000.0,69.43933868408203,MPC
2018-08-03,80.33999633789062,78.41000366210938,79.72000122070312,79.08999633789062,3075100.0,68.88192749023438,MPC
2018-08-06,79.93000030517578,78.80999755859375,79.4000015258789,79.83999633789062,3837100.0,69.53511810302734,MPC
2018-08-07,81.93000030517578,80.11000061035156,80.4000015258789,81.2699966430664,4145800.0,70.78054809570312,MPC
2018-08-08,81.98999786376953,80.18000030517578,80.73999786376953,81.69000244140625,3171200.0,71.14635467529297,MPC
2018-08-09,82.18000030517578,80.44999694824219,81.8499984741211,80.75,3027600.0,70.32768249511719,MPC
2018-08-10,81.23999786376953,80.33000183105469,80.33999633789062,80.93000030517578,2708400.0,70.48445129394531,MPC
2018-08-13,81.73999786376953,80.02999877929688,81.12999725341797,80.08999633789062,2307800.0,69.75286102294922,MPC
2018-08-14,80.86000061035156,79.27999877929688,80.70999908447266,80.11000061035156,3413800.0,69.77027893066406,MPC
2018-08-15,79.31999969482422,76.80999755859375,79.0199966430664,77.18000030517578,6162800.0,67.60665130615234,MPC
2018-08-16,78.43000030517578,76.58000183105469,77.52999877929688,76.69000244140625,4075600.0,67.17745208740234,MPC
2018-08-17,77.37000274658203,76.22000122070312,77.2699966430664,77.11000061035156,3374300.0,67.54533386230469,MPC
2018-08-20,79.22000122070312,77.18000030517578,77.37000274658203,78.76000213623047,3352300.0,68.99068450927734,MPC
2018-08-21,80.80000305175781,78.80999755859375,79.02999877929688,79.01000213623047,5733400.0,69.20967102050781,MPC
2018-08-22,80.5199966430664,79.0199966430664,79.0999984741211,80.20999908447266,3838700.0,70.26081085205078,MPC
2018-08-23,81.73999786376953,79.94999694824219,80.27999877929688,81.62000274658203,3392100.0,71.49593353271484,MPC
2018-08-24,83.86000061035156,81.68000030517578,82.12000274658203,83.81999969482422,6091800.0,73.42304229736328,MPC
2018-08-27,84.79000091552734,83.19000244140625,84.05000305175781,83.68000030517578,4305200.0,73.3004150390625,MPC
2018-08-28,84.58000183105469,83.51000213623047,83.70999908447266,83.91000366210938,3222900.0,73.50187683105469,MPC
2018-08-29,84.55000305175781,82.94999694824219,84.1500015258789,83.72000122070312,3624700.0,73.33544921875,MPC
2018-08-30,83.94999694824219,82.02999877929688,83.94000244140625,83.12000274658203,4420500.0,72.80986785888672,MPC
2018-08-31,83.0,81.08000183105469,82.79000091552734,82.29000091552734,6666800.0,72.08282470703125,MPC
2018-09-04,85.08000183105469,82.5999984741211,82.75,84.27999877929688,6036200.0,73.82597351074219,MPC
2018-09-05,84.47000122070312,82.41999816894531,84.05999755859375,83.94000244140625,5718900.0,73.5281753540039,MPC
2018-09-06,85.33999633789062,82.75,83.77999877929688,82.80000305175781,4468200.0,72.5295639038086,MPC
2018-09-07,82.8499984741211,81.5199966430664,82.80000305175781,82.51000213623047,3589100.0,72.27552032470703,MPC
2018-09-10,83.0999984741211,82.1500015258789,82.69999694824219,82.43000030517578,4067700.0,72.20545959472656,MPC
2018-09-11,83.8499984741211,81.70999908447266,82.25,83.5199966430664,3835400.0,73.16024780273438,MPC
2018-09-12,85.22000122070312,83.58999633789062,83.62999725341797,84.19999694824219,5581900.0,73.75590515136719,MPC
2018-09-13,84.54000091552734,82.87000274658203,84.30000305175781,84.08999633789062,4575900.0,73.6595458984375,MPC
2018-09-14,84.73999786376953,83.87999725341797,84.04000091552734,84.33999633789062,3294400.0,73.87853240966797,MPC
2018-09-17,84.48999786376953,83.37999725341797,84.43000030517578,83.81999969482422,3510200.0,73.42304229736328,MPC
2018-09-18,84.66000366210938,83.44000244140625,84.23999786376953,83.97000122070312,4563000.0,73.55443572998047,MPC
2018-09-19,83.77999877929688,80.08999633789062,83.2699966430664,80.54000091552734,6867500.0,70.54988861083984,MPC
2018-09-20,82.55000305175781,79.56999969482422,81.0,81.93000030517578,6500000.0,71.76746368408203,MPC
2018-09-21,83.9800033569336,81.93000030517578,82.30000305175781,83.37000274658203,8531600.0,73.02885437011719,MPC
2018-09-24,86.36000061035156,83.69999694824219,83.94000244140625,85.79000091552734,6853000.0,75.148681640625,MPC
2018-09-25,88.44999694824219,84.94000244140625,86.66999816894531,85.05000305175781,7512100.0,74.50047302246094,MPC
2018-09-26,85.20999908447266,82.44999694824219,84.70999908447266,84.52999877929688,7955000.0,74.04497528076172,MPC
2018-09-27,85.94999694824219,82.70999908447266,84.77999877929688,83.04000091552734,8087700.0,72.73979949951172,MPC
2018-09-28,83.0,79.97000122070312,82.44999694824219,79.97000122070312,39153800.0,70.05060577392578,MPC
2018-10-01,83.31999969482422,81.16000366210938,81.61000061035156,82.43000030517578,6696600.0,72.20545959472656,MPC
2018-10-02,83.41999816894531,81.58999633789062,82.9000015258789,83.27999877929688,7100100.0,72.95001220703125,MPC
2018-10-03,86.55999755859375,84.0,84.31999969482422,86.38999938964844,8331700.0,75.67425537109375,MPC
2018-10-04,86.31999969482422,84.01000213623047,86.05000305175781,85.2699966430664,6911300.0,74.69316864013672,MPC
2018-10-05,85.0,83.2300033569336,84.81999969482422,84.51000213623047,7580800.0,74.02745819091797,MPC
2018-10-08,84.16000366210938,81.87000274658203,84.0,83.86000061035156,9552200.0,73.45806884765625,MPC
2018-10-09,84.4800033569336,82.86000061035156,83.95999908447266,83.76000213623047,5322700.0,73.37047576904297,MPC
2018-10-10,85.05999755859375,80.6500015258789,84.83000183105469,80.6500015258789,10626500.0,70.64624786376953,MPC
2018-10-11,81.80999755859375,78.33999633789062,80.6500015258789,78.7300033569336,9010200.0,68.96439361572266,MPC
2018-10-12,80.83999633789062,78.9000015258789,80.1500015258789,80.08000183105469,8179200.0,70.14694213867188,MPC
2018-10-15,80.33999633789062,77.79000091552734,80.0,77.79000091552734,7960600.0,68.14097595214844,MPC
2018-10-16,80.25,78.2699966430664,79.0,80.06999969482422,5907500.0,70.13817596435547,MPC
2018-10-17,80.45999908447266,78.62000274658203,79.61000061035156,79.1500015258789,5630300.0,69.33230590820312,MPC
2018-10-18,79.9000015258789,78.26000213623047,78.44000244140625,78.81999969482422,4859600.0,69.0432357788086,MPC
2018-10-19,76.58000183105469,73.7300033569336,75.77999877929688,73.91999816894531,13322800.0,64.75102233886719,MPC
2018-10-22,74.55999755859375,72.22000122070312,74.0,74.12999725341797,5154000.0,64.93496704101562,MPC
2018-10-23,72.72000122070312,68.94000244140625,72.5,72.08999633789062,8640000.0,63.148014068603516,MPC
2018-10-24,72.0,67.81999969482422,71.87999725341797,68.05999755859375,12254700.0,59.61789321899414,MPC
2018-10-25,70.51000213623047,69.01000213623047,69.5199966430664,69.95999908447266,8315800.0,61.28221893310547,MPC
2018-10-26,69.75,67.29000091552734,69.05999755859375,68.86000061035156,7837700.0,60.318668365478516,MPC
2018-10-29,70.45999908447266,66.29000091552734,69.8499984741211,67.2300033569336,6307400.0,58.89085006713867,MPC
2018-10-30,69.12999725341797,66.63999938964844,67.44999694824219,68.80000305175781,6470600.0,60.2661018371582,MPC
2018-10-31,72.12000274658203,69.81999969482422,69.88999938964844,70.44999694824219,9638900.0,61.71144104003906,MPC
2018-11-01,72.44000244140625,68.75,69.80000305175781,71.08000183105469,8070900.0,62.2632942199707,MPC
2018-11-02,73.0,69.25,71.79000091552734,69.48999786376953,5685500.0,60.87052536010742,MPC
2018-11-05,70.91999816894531,68.83999633789062,70.51000213623047,69.76000213623047,4841500.0,61.10703659057617,MPC
2018-11-06,69.76000213623047,67.9000015258789,69.75,68.37000274658203,6809800.0,59.889442443847656,MPC
2018-11-07,69.97000122070312,68.0999984741211,68.9800033569336,69.81999969482422,7305300.0,61.15958786010742,MPC
2018-11-08,69.7699966430664,67.29000091552734,69.62000274658203,67.69999694824219,7182500.0,59.30253601074219,MPC
2018-11-09,67.66000366210938,66.08000183105469,67.16999816894531,67.18000030517578,6340500.0,58.847049713134766,MPC
2018-11-12,67.91999816894531,65.7699966430664,67.68000030517578,65.9000015258789,4588800.0,57.7258186340332,MPC
2018-11-13,66.2300033569336,63.650001525878906,65.5,64.16999816894531,8936000.0,56.21040725708008,MPC
2018-11-14,65.86000061035156,63.16999816894531,65.27999877929688,63.84000015258789,6395600.0,55.92134094238281,MPC
2018-11-15,65.5999984741211,63.2599983215332,63.59000015258789,65.36000061035156,6149600.0,57.2528076171875,MPC
2018-11-16,66.38999938964844,64.97000122070312,65.72000122070312,65.44000244140625,6373700.0,57.3228759765625,MPC
2018-11-19,65.5,62.59000015258789,65.08999633789062,63.40999984741211,6337700.0,55.54468536376953,MPC
2018-11-20,63.06999969482422,60.63999938964844,61.59000015258789,61.88999938964844,7603000.0,54.609371185302734,MPC
2018-11-21,64.2699966430664,62.0099983215332,62.2599983215332,63.72999954223633,6438600.0,56.23292922973633,MPC
2018-11-23,63.099998474121094,61.70000076293945,62.529998779296875,61.72999954223633,2695000.0,54.468196868896484,MPC
2018-11-26,64.44000244140625,62.59000015258789,62.810001373291016,64.18000030517578,5448300.0,56.62998580932617,MPC
2018-11-27,64.5999984741211,63.439998626708984,63.84000015258789,63.7400016784668,5096700.0,56.24174880981445,MPC
2018-11-28,65.54000091552734,62.41999816894531,63.599998474121094,65.27999877929688,6229200.0,57.60057830810547,MPC
2018-11-29,65.98999786376953,64.81999969482422,65.04000091552734,64.9000015258789,5096900.0,57.265281677246094,MPC
2018-11-30,65.56999969482422,64.30000305175781,64.77999877929688,65.16000366210938,6236800.0,57.49469757080078,MPC
2018-12-03,66.87999725341797,63.279998779296875,66.0,64.66000366210938,9307900.0,57.053524017333984,MPC
2018-12-04,66.51000213623047,63.279998779296875,64.75,63.34000015258789,7711600.0,55.8888053894043,MPC
2018-12-06,63.630001068115234,61.79999923706055,62.880001068115234,63.54999923706055,7501300.0,56.0740966796875,MPC
2018-12-07,66.0999984741211,61.130001068115234,64.12999725341797,61.560001373291016,9721900.0,54.31819152832031,MPC
2018-12-10,62.02000045776367,59.54999923706055,61.02000045776367,60.97999954223633,8768800.0,53.80643081665039,MPC
2018-12-11,62.43000030517578,60.869998931884766,61.45000076293945,61.34000015258789,5555100.0,54.12407684326172,MPC
2018-12-12,63.369998931884766,62.02000045776367,62.27000045776367,62.040000915527344,5484100.0,54.74173355102539,MPC
2018-12-13,62.650001525878906,61.58000183105469,62.20000076293945,62.119998931884766,6501700.0,54.81231689453125,MPC
2018-12-14,62.689998626708984,59.54999923706055,61.560001373291016,59.869998931884766,8583000.0,52.827003479003906,MPC
2018-12-17,60.36000061035156,58.130001068115234,59.5099983215332,58.84000015258789,9197900.0,51.91816711425781,MPC
2018-12-18,60.540000915527344,58.66999816894531,59.04999923706055,58.959999084472656,12023600.0,52.024051666259766,MPC
2018-12-19,61.150001525878906,58.18000030517578,59.189998626708984,58.630001068115234,15030100.0,51.732879638671875,MPC
2018-12-20,60.0,57.09000015258789,57.880001068115234,57.41999816894531,11900600.0,50.665218353271484,MPC
2018-12-21,58.72999954223633,56.4900016784668,57.209999084472656,56.7400016784668,14239800.0,50.065208435058594,MPC
2018-12-24,56.40999984741211,54.290000915527344,55.310001373291016,54.31999969482422,4508800.0,47.92988586425781,MPC
2018-12-26,58.380001068115234,54.439998626708984,54.630001068115234,58.349998474121094,6036400.0,51.485801696777344,MPC
2018-12-27,59.119998931884766,56.54999923706055,57.02000045776367,59.099998474121094,5766200.0,52.1475830078125,MPC
2018-12-28,59.91999816894531,57.79999923706055,59.459999084472656,58.2400016784668,4563500.0,51.388755798339844,MPC
2018-12-31,59.220001220703125,57.90999984741211,58.5099983215332,59.0099983215332,4357900.0,52.06816864013672,MPC
2019-01-02,60.279998779296875,57.790000915527344,58.16999816894531,59.63999938964844,6608000.0,52.624061584472656,MPC
2019-01-03,60.040000915527344,58.040000915527344,59.709999084472656,58.77000045776367,6290600.0,51.85640335083008,MPC
2019-01-04,61.720001220703125,59.25,59.91999816894531,61.650001525878906,6297600.0,54.39760971069336,MPC
2019-01-07,63.06999969482422,61.15999984741211,61.869998931884766,62.2599983215332,6333100.0,54.935848236083984,MPC
2019-01-08,63.63999938964844,61.88999938964844,62.61000061035156,62.869998931884766,5884800.0,55.47408676147461,MPC
2019-01-09,65.26000213623047,62.619998931884766,63.15999984741211,64.22000122070312,7195800.0,56.66527557373047,MPC
2019-01-10,64.5,62.5,64.1500015258789,63.630001068115234,8083300.0,56.14468002319336,MPC
2019-01-11,66.13999938964844,63.220001220703125,63.45000076293945,64.87000274658203,6863900.0,57.23881149291992,MPC
2019-01-14,65.44999694824219,64.29000091552734,64.29000091552734,64.87999725341797,4772900.0,57.24763107299805,MPC
2019-01-15,65.55000305175781,63.93000030517578,65.4800033569336,64.33000183105469,4285300.0,56.7623405456543,MPC
2019-01-16,64.56999969482422,63.650001525878906,64.0,64.33999633789062,5277900.0,56.77116394042969,MPC
2019-01-17,65.81999969482422,63.470001220703125,63.79999923706055,65.79000091552734,4533100.0,58.05058670043945,MPC
2019-01-18,66.41999816894531,64.86000061035156,66.31999969482422,66.08999633789062,5745800.0,58.31529235839844,MPC
2019-01-22,66.52999877929688,64.66999816894531,65.66999816894531,64.81999969482422,6166300.0,57.1947021484375,MPC
2019-01-23,65.83999633789062,63.97999954223633,65.0,64.8499984741211,4357700.0,57.221160888671875,MPC
2019-01-24,65.08000183105469,62.95000076293945,64.87000274658203,63.11000061035156,7318600.0,55.685855865478516,MPC
2019-01-25,64.86000061035156,63.02000045776367,63.68000030517578,64.08000183105469,7914700.0,56.541748046875,MPC
2019-01-28,64.41999816894531,63.11000061035156,63.630001068115234,63.720001220703125,11002700.0,56.22409439086914,MPC
2019-01-29,64.37999725341797,63.0,63.56999969482422,64.13999938964844,5922800.0,56.59468078613281,MPC
2019-01-30,65.81999969482422,64.19000244140625,64.7699966430664,65.33000183105469,5745700.0,57.64469909667969,MPC
2019-01-31,67.11000061035156,65.6500015258789,66.12999725341797,66.26000213623047,8782200.0,58.46529769897461,MPC
2019-02-01,67.19999694824219,65.33999633789062,66.68000030517578,65.47000122070312,5216900.0,57.76823043823242,MPC
2019-02-04,66.16999816894531,65.20999908447266,65.4000015258789,65.91000366210938,5553700.0,58.156463623046875,MPC
2019-02-05,67.18000030517578,65.86000061035156,66.0,67.18000030517578,5403600.0,59.27707290649414,MPC
2019-02-06,67.79000091552734,66.69000244140625,66.9000015258789,66.87000274658203,5484200.0,59.00354766845703,MPC
2019-02-07,68.73999786376953,63.060001373291016,66.83999633789062,63.70000076293945,9498500.0,56.206451416015625,MPC
2019-02-08,64.0999984741211,61.91999816894531,63.38999938964844,62.720001220703125,8276500.0,55.34173583984375,MPC
2019-02-11,63.439998626708984,61.220001220703125,62.439998626708984,61.720001220703125,9648000.0,54.45936965942383,MPC
2019-02-12,62.88999938964844,61.709999084472656,62.310001373291016,61.869998931884766,6478600.0,54.59172058105469,MPC
2019-02-13,63.810001373291016,61.849998474121094,62.04999923706055,63.650001525878906,4141000.0,56.16233444213867,MPC
2019-02-14,64.72000122070312,63.040000915527344,63.349998474121094,64.04000091552734,4824400.0,56.50645065307617,MPC
2019-02-15,65.45999908447266,64.54000091552734,64.9000015258789,65.1500015258789,5166300.0,57.485870361328125,MPC
2019-02-19,65.41999816894531,64.26000213623047,64.5,65.01000213623047,3836500.0,57.832820892333984,MPC
2019-02-20,65.94999694824219,64.4800033569336,64.98999786376953,65.11000061035156,5470500.0,57.921775817871094,MPC
2019-02-21,65.9800033569336,64.47000122070312,65.01000213623047,64.66000366210938,7231800.0,57.521461486816406,MPC
2019-02-22,65.86000061035156,64.7699966430664,65.27999877929688,65.0199966430664,3544600.0,57.84170913696289,MPC
2019-02-25,65.2300033569336,64.44999694824219,64.97000122070312,64.75,4054700.0,57.60151672363281,MPC
2019-02-26,65.30999755859375,64.54000091552734,64.77999877929688,64.58999633789062,3746400.0,57.45917892456055,MPC
2019-02-27,64.86000061035156,63.33000183105469,64.6500015258789,63.400001525878906,5805400.0,56.40056228637695,MPC
2019-02-28,63.439998626708984,61.63999938964844,63.380001068115234,62.0099983215332,7499200.0,55.164024353027344,MPC
2019-03-01,63.20000076293945,62.119998931884766,62.119998931884766,62.68000030517578,6069800.0,55.76005172729492,MPC
2019-03-04,62.880001068115234,60.34000015258789,62.880001068115234,62.0099983215332,7025300.0,55.164024353027344,MPC
2019-03-05,61.88999938964844,60.310001373291016,61.790000915527344,60.810001373291016,7254500.0,54.096500396728516,MPC
2019-03-06,60.7400016784668,59.599998474121094,60.38999938964844,59.93000030517578,8212400.0,53.313655853271484,MPC
2019-03-07,60.15999984741211,58.689998626708984,59.939998626708984,58.84000015258789,5830500.0,52.343997955322266,MPC
2019-03-08,57.939998626708984,56.880001068115234,57.81999969482422,57.5,7631000.0,51.15193176269531,MPC
2019-03-11,59.220001220703125,57.72999954223633,57.88999938964844,59.20000076293945,6670400.0,52.664249420166016,MPC
2019-03-12,60.0,58.86000061035156,59.15999984741211,58.86000061035156,5849100.0,52.36178207397461,MPC
2019-03-13,59.59000015258789,58.93000030517578,59.0099983215332,59.56999969482422,6243500.0,52.99340057373047,MPC
2019-03-14,59.93000030517578,58.900001525878906,59.650001525878906,59.689998626708984,5473400.0,53.100154876708984,MPC
2019-03-15,61.27000045776367,59.400001525878906,59.45000076293945,60.45000076293945,9173800.0,53.77625274658203,MPC
2019-03-18,62.20000076293945,60.79999923706055,60.810001373291016,62.08000183105469,7657900.0,55.22629928588867,MPC
2019-03-19,63.040000915527344,61.790000915527344,62.400001525878906,62.029998779296875,6237100.0,55.18181610107422,MPC
2019-03-20,62.7400016784668,60.81999969482422,61.790000915527344,62.189998626708984,8136000.0,55.32415008544922,MPC
2019-03-21,63.349998474121094,61.709999084472656,62.029998779296875,62.790000915527344,6306700.0,55.85791015625,MPC
2019-03-22,62.5,60.630001068115234,62.119998931884766,61.29999923706055,4664600.0,54.53241729736328,MPC
2019-03-25,61.439998626708984,60.36000061035156,61.130001068115234,61.16999816894531,5190100.0,54.416751861572266,MPC
2019-03-26,62.83000183105469,61.2400016784668,61.81999969482422,61.959999084472656,4191500.0,55.11954116821289,MPC
2019-03-27,62.5099983215332,61.380001068115234,61.70000076293945,62.189998626708984,4793400.0,55.32415008544922,MPC
2019-03-28,62.279998779296875,60.599998474121094,61.790000915527344,60.95000076293945,5095500.0,54.221046447753906,MPC
2019-03-29,61.529998779296875,59.709999084472656,61.400001525878906,59.849998474121094,8245000.0,53.242488861083984,MPC
2019-04-01,61.25,59.720001220703125,60.459999084472656,61.04999923706055,6993500.0,54.31000518798828,MPC
2019-04-02,60.880001068115234,59.369998931884766,60.689998626708984,59.91999816894531,7284200.0,53.30475616455078,MPC
2019-04-03,61.15999984741211,60.130001068115234,60.380001068115234,60.380001068115234,6979400.0,53.71397399902344,MPC
2019-04-04,61.880001068115234,60.209999084472656,60.43000030517578,61.349998474121094,5838700.0,54.57688522338867,MPC
2019-04-05,63.5,61.38999938964844,61.38999938964844,63.470001220703125,7359600.0,56.46283721923828,MPC
2019-04-08,63.66999816894531,62.63999938964844,63.58000183105469,63.36000061035156,7353200.0,56.36498260498047,MPC
2019-04-09,63.400001525878906,61.880001068115234,63.029998779296875,62.15999984741211,6046900.0,55.297462463378906,MPC
2019-04-10,63.9900016784668,62.04999923706055,62.349998474121094,63.599998474121094,8247800.0,56.5784797668457,MPC
2019-04-11,64.52999877929688,63.060001373291016,63.849998474121094,63.11000061035156,5284900.0,56.142578125,MPC
2019-04-12,63.95000076293945,61.400001525878906,63.81999969482422,61.59000015258789,10104400.0,54.79039001464844,MPC
2019-04-15,61.779998779296875,60.290000915527344,61.4900016784668,60.540000915527344,7075900.0,53.8563117980957,MPC
2019-04-16,60.599998474121094,59.4900016784668,60.4900016784668,60.02000045776367,7899900.0,53.39371871948242,MPC
2019-04-17,61.13999938964844,60.18000030517578,60.70000076293945,60.2400016784668,5500500.0,53.58943176269531,MPC
2019-04-18,60.81999969482422,59.689998626708984,60.25,59.810001373291016,6363800.0,53.206905364990234,MPC
2019-04-22,61.400001525878906,60.27000045776367,60.36000061035156,61.130001068115234,6186600.0,54.38118362426758,MPC
2019-04-23,61.52000045776367,60.38999938964844,61.290000915527344,61.060001373291016,6804700.0,54.318904876708984,MPC
2019-04-24,61.349998474121094,59.459999084472656,61.04999923706055,59.5,7056500.0,52.931129455566406,MPC
2019-04-25,61.470001220703125,59.54999923706055,59.7599983215332,60.650001525878906,6554000.0,53.95416259765625,MPC
2019-04-26,61.16999816894531,60.0,60.290000915527344,60.38999938964844,6244500.0,53.722869873046875,MPC
2019-04-29,61.369998931884766,60.27000045776367,60.5,60.9900016784668,4506800.0,54.25663757324219,MPC
2019-04-30,62.20000076293945,60.81999969482422,61.47999954223633,60.869998931884766,5005400.0,54.14987564086914,MPC
2019-05-01,61.72999954223633,59.95000076293945,61.099998474121094,59.95000076293945,4991300.0,53.331443786621094,MPC
2019-05-02,60.599998474121094,58.18000030517578,60.029998779296875,58.689998626708984,6849500.0,52.21055221557617,MPC
2019-05-03,60.18000030517578,59.220001220703125,59.2599983215332,59.959999084472656,5626700.0,53.34035110473633,MPC
2019-05-06,59.66999816894531,58.400001525878906,59.25,59.4900016784668,6409400.0,52.92223358154297,MPC
2019-05-07,59.5,57.529998779296875,58.75,59.43000030517578,9697100.0,52.86885452270508,MPC
2019-05-08,58.13999938964844,54.959999084472656,57.880001068115234,55.22999954223633,16021700.0,49.13254165649414,MPC
2019-05-09,55.720001220703125,52.5,55.16999816894531,52.959999084472656,15870600.0,47.11315155029297,MPC
2019-05-10,53.720001220703125,52.029998779296875,52.9900016784668,53.150001525878906,10158900.0,47.28218460083008,MPC
2019-05-13,52.869998931884766,50.599998474121094,52.310001373291016,50.720001220703125,7505300.0,45.120452880859375,MPC
2019-05-14,51.65999984741211,50.689998626708984,51.0,51.310001373291016,7644100.0,45.645320892333984,MPC
2019-05-15,51.45000076293945,50.189998626708984,50.66999816894531,51.189998626708984,7209900.0,46.013851165771484,MPC
2019-05-16,53.25,51.29999923706055,51.29999923706055,52.86000061035156,11750700.0,47.514991760253906,MPC
2019-05-17,52.61000061035156,51.77000045776367,52.36000061035156,51.95000076293945,6239600.0,46.6970100402832,MPC
2019-05-20,52.310001373291016,51.34000015258789,51.70000076293945,52.119998931884766,5315900.0,46.849815368652344,MPC
2019-05-21,53.779998779296875,52.47999954223633,52.59000015258789,53.279998779296875,6908700.0,47.89252471923828,MPC
2019-05-22,53.08000183105469,51.7400016784668,52.93000030517578,51.91999816894531,5547700.0,46.6700439453125,MPC
2019-05-23,51.15999984741211,49.709999084472656,51.08000183105469,50.13999938964844,10245900.0,45.07002639770508,MPC
2019-05-24,50.77000045776367,49.77000045776367,50.369998931884766,50.290000915527344,4860800.0,45.20486068725586,MPC
2019-05-28,50.75,48.95000076293945,50.59000015258789,49.0,8418500.0,44.0452995300293,MPC
2019-05-29,49.099998474121094,48.02000045776367,48.25,48.9900016784668,5894900.0,44.03630828857422,MPC
2019-05-30,48.88999938964844,46.95000076293945,48.7400016784668,47.11000061035156,8279000.0,42.346405029296875,MPC
2019-05-31,46.400001525878906,45.470001220703125,46.209999084472656,45.9900016784668,12939000.0,41.33966827392578,MPC
2019-06-03,47.25,46.02000045776367,46.11000061035156,47.130001068115234,8684100.0,42.3643913269043,MPC
2019-06-04,48.65999984741211,47.13999938964844,47.4900016784668,48.4900016784668,8225500.0,43.586875915527344,MPC
2019-06-05,48.86000061035156,47.02000045776367,48.86000061035156,47.689998626708984,7868200.0,42.867759704589844,MPC
2019-06-06,48.220001220703125,46.810001373291016,47.650001525878906,48.099998474121094,9358600.0,43.23630142211914,MPC
2019-06-07,48.650001525878906,46.33000183105469,48.38999938964844,46.9900016784668,10342900.0,42.23854064941406,MPC
2019-06-10,48.470001220703125,47.41999816894531,47.470001220703125,47.68000030517578,7440200.0,42.85877990722656,MPC
2019-06-11,48.470001220703125,47.77000045776367,48.13999938964844,47.77000045776367,5619100.0,42.93968200683594,MPC
2019-06-12,47.88999938964844,46.90999984741211,47.63999938964844,46.970001220703125,6602300.0,42.2205696105957,MPC
2019-06-13,48.099998474121094,47.130001068115234,47.439998626708984,47.900001525878906,6491400.0,43.0565299987793,MPC
2019-06-14,48.0,47.33000183105469,47.79999923706055,47.959999084472656,5463300.0,43.1104621887207,MPC
2019-06-17,49.0,47.75,47.97999954223633,48.709999084472656,8369100.0,43.78461837768555,MPC
2019-06-18,50.04999923706055,48.79999923706055,48.79999923706055,49.63999938964844,7502200.0,44.62058639526367,MPC
2019-06-19,50.400001525878906,49.369998931884766,49.7599983215332,49.65999984741211,7330300.0,44.63855743408203,MPC
2019-06-20,52.290000915527344,50.5099983215332,50.529998779296875,51.95000076293945,10766000.0,46.6970100402832,MPC
2019-06-21,53.189998626708984,51.900001525878906,52.58000183105469,52.65999984741211,11668300.0,47.3352165222168,MPC
2019-06-24,52.88999938964844,51.540000915527344,52.189998626708984,51.599998474121094,5949400.0,46.38239669799805,MPC
2019-06-25,52.040000915527344,51.09000015258789,51.380001068115234,51.38999938964844,5471700.0,46.193634033203125,MPC
2019-06-26,54.279998779296875,51.90999984741211,51.90999984741211,54.209999084472656,9095600.0,48.728485107421875,MPC
2019-06-27,55.31999969482422,53.83000183105469,54.25,54.369998931884766,7700200.0,48.87230682373047,MPC
2019-06-28,55.95000076293945,54.15999984741211,54.470001220703125,55.880001068115234,10298700.0,50.22962188720703,MPC
2019-07-01,57.130001068115234,54.970001220703125,56.900001525878906,55.119998931884766,8054200.0,49.54646682739258,MPC
2019-07-02,54.97999954223633,53.97999954223633,54.72999954223633,54.4900016784668,6677400.0,48.98017501831055,MPC
2019-07-03,54.91999816894531,54.099998474121094,54.43000030517578,54.31999969482422,3229500.0,48.82735824584961,MPC
2019-07-05,55.130001068115234,53.939998626708984,54.04999923706055,54.869998931884766,3414000.0,49.321746826171875,MPC
2019-07-08,55.060001373291016,54.209999084472656,54.70000076293945,54.34000015258789,4642200.0,48.8453369140625,MPC
2019-07-09,54.970001220703125,53.810001373291016,54.0099983215332,54.63999938964844,4702500.0,49.11500549316406,MPC
2019-07-10,55.599998474121094,54.130001068115234,55.310001373291016,54.97999954223633,3963100.0,49.420631408691406,MPC
2019-07-11,55.630001068115234,54.81999969482422,55.2599983215332,55.439998626708984,4144700.0,49.834110260009766,MPC
2019-07-12,55.869998931884766,55.29999923706055,55.470001220703125,55.47999954223633,3792000.0,49.87006378173828,MPC
2019-07-15,55.54999923706055,53.849998474121094,55.5099983215332,54.83000183105469,5764200.0,49.285789489746094,MPC
2019-07-16,55.90999984741211,54.41999816894531,54.790000915527344,55.68000030517578,6097600.0,50.04983901977539,MPC
2019-07-17,55.81999969482422,54.06999969482422,55.459999084472656,54.310001373291016,4609600.0,48.81836700439453,MPC
2019-07-18,55.43000030517578,53.70000076293945,54.02000045776367,55.36000061035156,4279500.0,49.76219940185547,MPC
2019-07-19,55.75,54.75,55.560001373291016,55.2400016784668,3284800.0,49.654335021972656,MPC
2019-07-22,55.939998626708984,54.65999984741211,55.400001525878906,55.220001220703125,2725800.0,49.6363525390625,MPC
2019-07-23,55.83000183105469,55.189998626708984,55.20000076293945,55.709999084472656,3649900.0,50.07680892944336,MPC
2019-07-24,57.810001373291016,55.45000076293945,55.540000915527344,57.619998931884766,7114300.0,51.793678283691406,MPC
2019-07-25,57.779998779296875,55.869998931884766,57.599998474121094,56.5,5127200.0,50.786930084228516,MPC
2019-07-26,57.08000183105469,56.18000030517578,56.36000061035156,56.84000015258789,3452900.0,51.092552185058594,MPC
2019-07-29,56.779998779296875,55.619998931884766,56.54999923706055,56.15999984741211,4604200.0,50.4813117980957,MPC
2019-07-30,57.2599983215332,55.369998931884766,56.15999984741211,57.04999923706055,3746300.0,51.281314849853516,MPC
2019-07-31,57.61000061035156,55.5099983215332,57.029998779296875,56.38999938964844,5682200.0,50.688053131103516,MPC
2019-08-01,58.599998474121094,54.84000015258789,57.91999816894531,55.36000061035156,8254600.0,49.76219940185547,MPC
2019-08-02,55.400001525878906,53.34000015258789,55.099998474121094,53.619998931884766,5094700.0,48.19814682006836,MPC
2019-08-05,52.66999816894531,49.939998626708984,52.599998474121094,50.66999816894531,8055900.0,45.54643249511719,MPC
2019-08-06,51.56999969482422,49.13999938964844,51.27000045776367,49.59000015258789,7722500.0,44.57564926147461,MPC
2019-08-07,48.90999984741211,47.400001525878906,48.79999923706055,48.130001068115234,9238000.0,43.26327133178711,MPC
2019-08-08,49.540000915527344,48.060001373291016,48.31999969482422,49.52000045776367,7974700.0,44.51272201538086,MPC
2019-08-09,49.560001373291016,48.369998931884766,49.439998626708984,48.38999938964844,4353800.0,43.496978759765625,MPC
2019-08-12,47.9900016784668,46.09000015258789,47.7599983215332,46.349998474121094,6857200.0,41.66325378417969,MPC
2019-08-13,48.040000915527344,45.63999938964844,46.22999954223633,47.150001525878906,5233100.0,42.38236999511719,MPC
2019-08-14,46.619998931884766,44.27000045776367,46.54999923706055,44.630001068115234,9399100.0,40.117183685302734,MPC
2019-08-15,45.54999923706055,43.959999084472656,44.5099983215332,45.400001525878906,6292800.0,40.809322357177734,MPC
2019-08-16,46.380001068115234,45.540000915527344,45.849998474121094,46.220001220703125,5028400.0,41.54640197753906,MPC
2019-08-19,48.189998626708984,46.90999984741211,47.0,47.810001373291016,5335800.0,42.97563171386719,MPC
2019-08-20,47.27000045776367,46.47999954223633,46.9900016784668,46.720001220703125,4452100.0,42.466609954833984,MPC
2019-08-21,47.779998779296875,46.5,47.380001068115234,47.22999954223633,3815900.0,42.93018341064453,MPC
2019-08-22,47.650001525878906,46.70000076293945,47.22999954223633,46.88999938964844,3311900.0,42.62113952636719,MPC
2019-08-23,47.61000061035156,45.560001373291016,46.45000076293945,45.7599983215332,6215200.0,41.59400939941406,MPC
2019-08-26,46.56999969482422,45.439998626708984,46.119998931884766,46.040000915527344,9283900.0,41.84851837158203,MPC
2019-08-27,46.81999969482422,45.11000061035156,46.459999084472656,45.33000183105469,3927000.0,41.203163146972656,MPC
2019-08-28,46.709999084472656,44.90999984741211,45.310001373291016,46.33000183105469,4258100.0,42.11212158203125,MPC
2019-08-29,48.880001068115234,46.72999954223633,46.7599983215332,48.560001373291016,8793600.0,44.139102935791016,MPC
2019-08-30,49.9900016784668,48.72999954223633,48.7599983215332,49.209999084472656,5659600.0,44.729923248291016,MPC
2019-09-03,49.83000183105469,47.619998931884766,48.31999969482422,49.63999938964844,8002100.0,45.12077713012695,MPC
2019-09-04,50.81999969482422,49.2599983215332,50.20000076293945,50.65999984741211,4852000.0,46.04792404174805,MPC
2019-09-05,52.939998626708984,50.93000030517578,51.34000015258789,52.47999954223633,8812500.0,47.70222091674805,MPC
2019-09-06,52.939998626708984,51.61000061035156,52.560001373291016,52.470001220703125,5276500.0,47.69313430786133,MPC
2019-09-09,54.0,52.720001220703125,52.720001220703125,53.58000183105469,5218500.0,48.702083587646484,MPC
2019-09-10,55.06999969482422,53.209999084472656,53.66999816894531,54.47999954223633,6929700.0,49.520145416259766,MPC
2019-09-11,55.349998474121094,53.61000061035156,55.0,54.11000061035156,6531700.0,49.18382263183594,MPC
2019-09-12,53.709999084472656,52.540000915527344,53.220001220703125,53.189998626708984,7028100.0,48.34758377075195,MPC
2019-09-13,54.189998626708984,52.97999954223633,53.369998931884766,53.290000915527344,7377100.0,48.438480377197266,MPC
2019-09-16,53.70000076293945,51.279998779296875,53.63999938964844,52.40999984741211,9626100.0,47.63859176635742,MPC
2019-09-17,53.79999923706055,51.29999923706055,51.9900016784668,53.40999984741211,6123700.0,48.54755401611328,MPC
2019-09-18,53.79999923706055,52.72999954223633,53.189998626708984,53.7599983215332,3247400.0,48.86568832397461,MPC
2019-09-19,54.310001373291016,53.630001068115234,54.11000061035156,53.91999816894531,3594500.0,49.01112747192383,MPC
2019-09-20,55.86000061035156,54.119998931884766,54.130001068115234,55.099998474121094,7932500.0,50.08369445800781,MPC
2019-09-23,56.310001373291016,54.349998474121094,54.349998474121094,55.779998779296875,5357300.0,50.701786041259766,MPC
2019-09-24,55.939998626708984,54.959999084472656,55.72999954223633,55.47999954223633,5520500.0,50.429100036621094,MPC
2019-09-25,60.349998474121094,58.04999923706055,59.310001373291016,60.150001525878906,16650300.0,54.6739501953125,MPC
2019-09-26,61.08000183105469,59.25,59.70000076293945,60.84000015258789,9487000.0,55.30112838745117,MPC
2019-09-27,62.81999969482422,60.849998474121094,61.400001525878906,62.41999816894531,13047100.0,56.737281799316406,MPC
2019-09-30,62.29999923706055,60.52000045776367,62.15999984741211,60.75,9311300.0,55.21932601928711,MPC
2019-10-01,61.630001068115234,60.33000183105469,61.2599983215332,60.380001068115234,6307600.0,54.88301086425781,MPC
2019-10-02,60.0,58.65999984741211,59.529998779296875,59.20000076293945,5479400.0,53.8104362487793,MPC
2019-10-03,60.06999969482422,58.2400016784668,58.779998779296875,60.0,4462000.0,54.5376091003418,MPC
2019-10-04,60.9900016784668,59.720001220703125,60.25,60.7400016784668,6181700.0,55.210235595703125,MPC
2019-10-07,61.47999954223633,60.2599983215332,61.0,60.400001525878906,3345200.0,54.90118408203125,MPC
2019-10-08,60.5,59.560001373291016,59.88999938964844,59.81999969482422,4838700.0,54.373985290527344,MPC
2019-10-09,61.220001220703125,60.2400016784668,60.29999923706055,60.560001373291016,5461300.0,55.0466194152832,MPC
2019-10-10,62.0,60.72999954223633,60.79999923706055,61.93000030517578,4470600.0,56.29188919067383,MPC
2019-10-11,64.0999984741211,62.290000915527344,62.90999984741211,63.41999816894531,8368500.0,57.646244049072266,MPC
2019-10-14,63.72999954223633,62.45000076293945,62.72999954223633,63.13999938964844,3811400.0,57.39173126220703,MPC
2019-10-15,64.55999755859375,62.31999969482422,62.95000076293945,64.05000305175781,4926300.0,58.218894958496094,MPC
2019-10-16,64.16000366210938,62.61000061035156,63.75,62.689998626708984,4325600.0,56.98270034790039,MPC
2019-10-17,65.41000366210938,63.06999969482422,63.290000915527344,64.0999984741211,7049100.0,58.26433563232422,MPC
2019-10-18,65.54000091552734,63.779998779296875,63.900001525878906,65.13999938964844,12749000.0,59.209659576416016,MPC
2019-10-21,66.05000305175781,64.66999816894531,65.44999694824219,64.66999816894531,4631300.0,58.78244400024414,MPC
2019-10-22,65.87999725341797,64.86000061035156,65.04000091552734,65.18000030517578,3468800.0,59.246009826660156,MPC
2019-10-23,65.95999908447266,64.73999786376953,65.08999633789062,65.87000274658203,5908200.0,59.873199462890625,MPC
2019-10-24,66.7699966430664,65.4000015258789,66.25,66.3499984741211,4898400.0,60.30949783325195,MPC
2019-10-25,68.5,65.75,66.3499984741211,68.01000213623047,6248200.0,61.81837463378906,MPC
2019-10-28,68.58999633789062,67.22000122070312,68.29000091552734,67.58000183105469,4748700.0,61.42751693725586,MPC
2019-10-29,69.6500015258789,67.61000061035156,67.7699966430664,68.0199966430664,7274800.0,61.82746124267578,MPC
2019-10-30,68.88999938964844,65.18000030517578,68.69000244140625,66.19000244140625,6873400.0,60.164066314697266,MPC
2019-10-31,66.94000244140625,61.380001068115234,66.5999984741211,63.95000076293945,15931500.0,58.12799835205078,MPC
2019-11-01,66.83000183105469,64.7300033569336,64.8499984741211,66.47000122070312,7377500.0,60.41857147216797,MPC
2019-11-04,68.5,66.72000122070312,66.91999816894531,67.94000244140625,6145100.0,61.754737854003906,MPC
2019-11-05,68.7300033569336,66.12000274658203,68.22000122070312,66.44000244140625,7018500.0,60.39130401611328,MPC
2019-11-06,66.01000213623047,64.08000183105469,66.0,64.27999877929688,5081400.0,58.427947998046875,MPC
2019-11-07,66.81999969482422,64.93000030517578,65.11000061035156,66.25,5980300.0,60.21860122680664,MPC
2019-11-08,66.45999908447266,64.87000274658203,65.87000274658203,66.2300033569336,4488100.0,60.20042037963867,MPC
2019-11-11,66.44999694824219,65.05999755859375,65.44000244140625,65.70999908447266,2254900.0,59.72776794433594,MPC
2019-11-12,66.23999786376953,64.41000366210938,65.93000030517578,64.9000015258789,5518500.0,58.99150466918945,MPC
2019-11-13,64.9000015258789,63.7599983215332,64.30000305175781,64.25,4325600.0,58.40068435668945,MPC
2019-11-14,65.20999908447266,64.16000366210938,64.48999786376953,64.44999694824219,4440400.0,58.58246994018555,MPC
2019-11-15,65.29000091552734,64.37999725341797,64.91999816894531,64.69000244140625,4468100.0,58.800628662109375,MPC
2019-11-18,64.73999786376953,63.880001068115234,64.51000213623047,64.54000091552734,3310700.0,58.66427993774414,MPC
2019-11-19,63.88999938964844,61.720001220703125,63.779998779296875,61.849998474121094,4757000.0,56.684669494628906,MPC
2019-11-20,62.150001525878906,59.81999969482422,61.75,61.79999923706055,8599600.0,56.63884353637695,MPC
2019-11-21,63.31999969482422,61.939998626708984,62.060001373291016,63.2400016784668,3842000.0,57.95858383178711,MPC
2019-11-22,63.59000015258789,62.2599983215332,63.349998474121094,62.36000061035156,2379300.0,57.15208053588867,MPC
2019-11-25,63.060001373291016,62.11000061035156,62.459999084472656,62.43000030517578,6855800.0,57.21623229980469,MPC
2019-11-26,62.650001525878906,61.400001525878906,62.5099983215332,61.66999816894531,9866700.0,56.51969909667969,MPC
2019-11-27,62.2599983215332,60.95000076293945,61.93000030517578,61.470001220703125,4197100.0,56.33639907836914,MPC
2019-11-29,61.4900016784668,60.38999938964844,61.2400016784668,60.63999938964844,3545100.0,55.575721740722656,MPC
2019-12-02,61.52000045776367,60.47999954223633,60.880001068115234,60.869998931884766,4327700.0,55.78651428222656,MPC
2019-12-03,60.43000030517578,59.2400016784668,60.09000015258789,60.029998779296875,5006900.0,55.016658782958984,MPC
2019-12-04,60.9900016784668,59.97999954223633,60.849998474121094,60.029998779296875,3884100.0,55.016658782958984,MPC
2019-12-05,60.34000015258789,59.61000061035156,60.15999984741211,59.849998474121094,3205200.0,54.85169982910156,MPC
2019-12-06,61.0,60.119998931884766,60.27000045776367,60.20000076293945,3970100.0,55.17246627807617,MPC
2019-12-09,59.75,58.20000076293945,59.11000061035156,58.43000030517578,5609600.0,53.55028533935547,MPC
2019-12-10,59.040000915527344,57.720001220703125,58.33000183105469,58.66999816894531,3993900.0,53.770240783691406,MPC
2019-12-11,58.83000183105469,56.709999084472656,58.599998474121094,57.11000061035156,7712000.0,52.34052658081055,MPC
2019-12-12,59.150001525878906,56.849998474121094,56.97999954223633,59.0,4380500.0,54.07268524169922,MPC
2019-12-13,60.5099983215332,58.27000045776367,59.2400016784668,58.61000061035156,4836600.0,53.71525573730469,MPC
2019-12-16,61.59000015258789,58.959999084472656,59.209999084472656,60.75,8166000.0,55.676536560058594,MPC
2019-12-17,61.68000030517578,60.75,60.97999954223633,61.209999084472656,5519400.0,56.09811782836914,MPC
2019-12-18,61.83000183105469,60.709999084472656,61.34000015258789,60.90999984741211,4787000.0,55.82317352294922,MPC
2019-12-19,61.40999984741211,60.31999969482422,61.040000915527344,61.130001068115234,5252100.0,56.02480697631836,MPC
2019-12-20,62.13999938964844,61.029998779296875,61.68000030517578,61.61000061035156,8907200.0,56.46471405029297,MPC
2019-12-23,61.560001373291016,60.470001220703125,61.45000076293945,60.65999984741211,6449400.0,55.594051361083984,MPC
2019-12-24,61.0,60.34000015258789,60.59000015258789,60.970001220703125,1570700.0,55.87815856933594,MPC
2019-12-26,61.33000183105469,60.34000015258789,61.02000045776367,60.470001220703125,3655300.0,55.419921875,MPC
2019-12-27,60.849998474121094,60.0099983215332,60.689998626708984,60.380001068115234,3682800.0,55.33743667602539,MPC
2019-12-30,60.689998626708984,59.619998931884766,60.36000061035156,59.66999816894531,3363100.0,54.686729431152344,MPC
2019-12-31,60.349998474121094,59.02000045776367,59.5,60.25,3356900.0,55.21828842163086,MPC
2020-01-02,61.91999816894531,60.380001068115234,60.880001068115234,61.90999984741211,4497400.0,56.739654541015625,MPC
2020-01-03,61.36000061035156,58.16999816894531,61.060001373291016,58.22999954223633,9671100.0,53.36698532104492,MPC
2020-01-06,58.72999954223633,57.02000045776367,57.720001220703125,58.220001220703125,7878000.0,53.357826232910156,MPC
2020-01-07,59.16999816894531,57.22999954223633,57.68000030517578,59.13999938964844,6578000.0,54.20099639892578,MPC
2020-01-08,59.11000061035156,57.790000915527344,58.91999816894531,58.52000045776367,5585200.0,53.63277053833008,MPC
2020-01-09,59.41999816894531,57.959999084472656,58.41999816894531,59.38999938964844,6179700.0,54.430118560791016,MPC
2020-01-10,61.06999969482422,59.43000030517578,59.65999984741211,60.220001220703125,4941400.0,55.190799713134766,MPC
2020-01-13,60.4900016784668,59.310001373291016,60.2599983215332,59.619998931884766,4044300.0,54.640907287597656,MPC
2020-01-14,60.119998931884766,59.130001068115234,59.470001220703125,59.84000015258789,5411900.0,54.84253692626953,MPC
2020-01-15,59.689998626708984,57.72999954223633,59.529998779296875,58.130001068115234,7231300.0,53.27534484863281,MPC
2020-01-16,58.560001373291016,57.29999923706055,58.45000076293945,57.529998779296875,7222300.0,52.72544479370117,MPC
2020-01-17,57.61000061035156,56.560001373291016,57.540000915527344,56.88999938964844,6122600.0,52.13889694213867,MPC
2020-01-21,56.599998474121094,55.70000076293945,56.400001525878906,56.18000030517578,6499800.0,51.48819351196289,MPC
2020-01-22,56.4900016784668,55.869998931884766,56.4900016784668,55.970001220703125,4152000.0,51.29573440551758,MPC
2020-01-23,55.84000015258789,53.95000076293945,55.47999954223633,55.33000183105469,5107000.0,50.70917892456055,MPC
2020-01-24,55.279998779296875,53.959999084472656,55.13999938964844,54.4900016784668,4607600.0,49.939334869384766,MPC
2020-01-27,53.349998474121094,52.25,53.16999816894531,52.70000076293945,7797200.0,48.298824310302734,MPC
2020-01-28,53.66999816894531,52.290000915527344,53.02000045776367,52.93000030517578,5148700.0,48.50961685180664,MPC
2020-01-29,55.939998626708984,52.36000061035156,54.599998474121094,53.59000015258789,9915000.0,49.114498138427734,MPC
2020-01-30,54.619998931884766,52.7599983215332,52.779998779296875,54.349998474121094,5282600.0,49.8110237121582,MPC
2020-01-31,55.72999954223633,53.650001525878906,53.9900016784668,54.5,9482400.0,49.94850158691406,MPC
2020-02-03,54.70000076293945,52.040000915527344,54.540000915527344,52.060001373291016,7339800.0,47.71227264404297,MPC
2020-02-04,53.84000015258789,52.2400016784668,53.369998931884766,53.38999938964844,7009000.0,48.93120193481445,MPC
2020-02-05,55.7400016784668,54.0099983215332,54.0099983215332,55.540000915527344,6227700.0,50.901641845703125,MPC
2020-02-06,56.09000015258789,55.279998779296875,55.81999969482422,55.459999084472656,3571700.0,50.82831954956055,MPC
2020-02-07,55.40999984741211,54.5,55.0,54.689998626708984,5589000.0,50.12262725830078,MPC
2020-02-10,55.09000015258789,53.88999938964844,54.38999938964844,55.06999969482422,4114100.0,50.47089385986328,MPC
2020-02-11,57.15999984741211,55.08000183105469,55.54999923706055,56.7599983215332,6780700.0,52.019752502441406,MPC
2020-02-12,59.02000045776367,57.650001525878906,58.290000915527344,58.93000030517578,8065000.0,54.00852966308594,MPC
2020-02-13,60.06999969482422,58.310001373291016,58.689998626708984,59.5,6661100.0,54.53092956542969,MPC
2020-02-14,59.900001525878906,58.04999923706055,59.4900016784668,58.33000183105469,6811500.0,53.458641052246094,MPC
2020-02-18,57.29999923706055,56.29999923706055,57.18000030517578,56.470001220703125,5258000.0,52.27375030517578,MPC
2020-02-19,57.93000030517578,56.290000915527344,56.650001525878906,57.689998626708984,7065100.0,53.40309524536133,MPC
2020-02-20,60.349998474121094,58.25,58.70000076293945,60.2599983215332,13576300.0,55.7821159362793,MPC
2020-02-21,60.220001220703125,58.93000030517578,59.95000076293945,59.130001068115234,6490700.0,54.73609161376953,MPC
2020-02-24,57.0099983215332,55.279998779296875,57.0,55.869998931884766,10276800.0,51.71833801269531,MPC
2020-02-25,56.150001525878906,52.779998779296875,56.06999969482422,53.119998931884766,8826300.0,49.17268753051758,MPC
2020-02-26,54.459999084472656,52.09000015258789,53.11000061035156,52.27000045776367,6040700.0,48.3858528137207,MPC
2020-02-27,50.7599983215332,47.84000015258789,50.68000030517578,47.93000030517578,13247500.0,44.36835861206055,MPC
2020-02-28,47.529998779296875,45.02000045776367,45.93000030517578,47.41999816894531,14192500.0,43.8962516784668,MPC
2020-03-02,48.209999084472656,45.689998626708984,47.88999938964844,47.72999954223633,11884700.0,44.18321990966797,MPC
2020-03-03,48.25,44.810001373291016,47.529998779296875,45.16999816894531,8506400.0,41.813453674316406,MPC
2020-03-04,46.25,44.810001373291016,46.099998474121094,45.880001068115234,6923700.0,42.4706916809082,MPC
2020-03-05,42.790000915527344,39.630001068115234,42.70000076293945,41.209999084472656,15767100.0,38.14771270751953,MPC
2020-03-06,40.849998474121094,38.04999923706055,40.13999938964844,39.150001525878906,13937000.0,36.24079132080078,MPC
2020-03-09,37.25,30.780000686645508,31.889999389648438,33.81999969482422,14834800.0,31.30685806274414,MPC
2020-03-10,36.709999084472656,33.040000915527344,36.08000183105469,34.52000045776367,12222900.0,31.954843521118164,MPC
2020-03-11,34.13999938964844,29.43000030517578,33.11000061035156,31.360000610351562,13535400.0,29.0296630859375,MPC
2020-03-12,28.170000076293945,22.5,28.170000076293945,22.889999389648438,23939000.0,21.189058303833008,MPC
2020-03-13,26.290000915527344,22.709999084472656,25.84000015258789,24.920000076293945,17766900.0,23.068212509155273,MPC
2020-03-16,23.75,19.989999771118164,20.520000457763672,20.290000915527344,14482400.0,18.782264709472656,MPC
2020-03-17,21.75,18.459999084472656,20.829999923706055,20.299999237060547,13424800.0,18.791521072387695,MPC
2020-03-18,19.100000381469727,15.579999923706055,18.600000381469727,16.75,17497000.0,15.505318641662598,MPC
2020-03-19,17.770000457763672,15.260000228881836,17.010000228881836,16.719999313354492,17581700.0,15.477547645568848,MPC
2020-03-20,19.860000610351562,16.43000030517578,17.610000610351562,18.950000762939453,19580400.0,17.541839599609375,MPC
2020-03-23,18.81999969482422,16.5,18.709999084472656,16.6200008392334,12971100.0,15.384982109069824,MPC
2020-03-24,18.770000457763672,16.829999923706055,17.989999771118164,17.5,14391400.0,16.199588775634766,MPC
2020-03-25,22.329999923706055,16.56999969482422,18.25,21.110000610351562,18300300.0,19.541332244873047,MPC
2020-03-26,24.860000610351562,22.079999923706055,22.25,23.139999389648438,18506600.0,21.420482635498047,MPC
2020-03-27,23.93000030517578,20.600000381469727,22.049999237060547,23.149999618530273,11426300.0,21.42974090576172,MPC
2020-03-30,24.700000762939453,21.5,22.829999923706055,24.329999923706055,10263000.0,22.52205467224121,MPC
2020-03-31,25.639999389648438,22.690000534057617,25.530000686645508,23.6200008392334,11631300.0,21.86481285095215,MPC
2020-04-01,22.690000534057617,20.649999618530273,21.93000030517578,20.8700008392334,9305100.0,19.31916618347168,MPC
2020-04-02,24.799999237060547,20.940000534057617,22.190000534057617,21.219999313354492,11990400.0,19.643157958984375,MPC
2020-04-03,22.510000228881836,18.270000457763672,22.399999618530273,20.059999465942383,14114500.0,18.56935691833496,MPC
2020-04-06,23.530000686645508,21.06999969482422,21.15999984741211,23.09000015258789,10180000.0,21.37419891357422,MPC
2020-04-07,26.0,22.100000381469727,25.389999389648438,22.510000228881836,14246900.0,20.837299346923828,MPC
2020-04-08,25.280000686645508,23.18000030517578,23.25,24.309999465942383,18008600.0,22.503541946411133,MPC
2020-04-09,27.270000457763672,24.030000686645508,26.06999969482422,25.6299991607666,15625800.0,23.725452423095703,MPC
2020-04-13,26.799999237060547,24.719999313354492,26.799999237060547,25.329999923706055,11670100.0,23.4477481842041,MPC
2020-04-14,26.459999084472656,25.31999969482422,25.31999969482422,26.299999237060547,11312400.0,24.34566307067871,MPC
2020-04-15,24.809999465942383,23.520000457763672,24.809999465942383,23.979999542236328,8269100.0,22.19806480407715,MPC
2020-04-16,24.110000610351562,21.899999618530273,24.010000228881836,21.950000762939453,11792600.0,20.318910598754883,MPC
2020-04-17,25.5,22.420000076293945,22.610000610351562,25.450000762939453,13646100.0,23.558828353881836,MPC
2020-04-20,25.90999984741211,22.75,23.440000534057617,24.850000381469727,9923400.0,23.003414154052734,MPC
2020-04-21,25.079999923706055,23.040000915527344,24.18000030517578,23.719999313354492,11871900.0,21.95738410949707,MPC
2020-04-22,25.299999237060547,24.09000015258789,24.899999618530273,24.690000534057617,9891700.0,22.855304718017578,MPC
2020-04-23,26.889999389648438,25.170000076293945,25.450000762939453,25.940000534057617,9947800.0,24.01241683959961,MPC
2020-04-24,26.68000030517578,25.399999618530273,26.260000228881836,25.760000228881836,10755800.0,23.845794677734375,MPC
2020-04-27,26.579999923706055,25.040000915527344,25.989999771118164,26.450000762939453,7702500.0,24.484519958496094,MPC
2020-04-28,28.6200008392334,26.459999084472656,27.219999313354492,28.43000030517578,8460700.0,26.317386627197266,MPC
2020-04-29,33.31999969482422,29.510000228881836,29.799999237060547,33.040000915527344,15179700.0,30.584821701049805,MPC
2020-04-30,33.90999984741211,31.209999084472656,33.099998474121094,32.08000183105469,18487300.0,29.6961612701416,MPC
2020-05-01,30.790000915527344,28.889999389648438,30.299999237060547,29.239999771118164,7456900.0,27.067195892333984,MPC
2020-05-04,31.56999969482422,28.520000457763672,28.540000915527344,31.530000686645508,13776100.0,29.187028884887695,MPC
2020-05-05,34.400001525878906,30.75,34.29999923706055,31.139999389648438,13474500.0,28.826007843017578,MPC
2020-05-06,31.729999542236328,29.510000228881836,31.190000534057617,29.530000686645508,7794700.0,27.335647583007812,MPC
2020-05-07,31.450000762939453,30.040000915527344,30.510000228881836,30.780000686645508,10622100.0,28.492761611938477,MPC
2020-05-08,33.33000183105469,31.079999923706055,31.639999389648438,33.029998779296875,8061600.0,30.575559616088867,MPC
2020-05-11,33.09000015258789,32.0099983215332,32.5,32.70000076293945,7232900.0,30.270090103149414,MPC
2020-05-12,33.47999954223633,32.209999084472656,33.0099983215332,32.209999084472656,7025500.0,29.816495895385742,MPC
2020-05-13,32.54999923706055,30.280000686645508,31.690000534057617,31.049999237060547,8503600.0,28.742694854736328,MPC
2020-05-14,31.649999618530273,28.81999969482422,30.030000686645508,30.889999389648438,7941400.0,28.594585418701172,MPC
2020-05-15,31.260000228881836,29.8799991607666,30.649999618530273,30.299999237060547,9469100.0,28.048429489135742,MPC
2020-05-18,35.310001373291016,31.979999542236328,32.36000061035156,34.95000076293945,13224100.0,32.3528938293457,MPC
2020-05-19,35.380001068115234,33.08000183105469,34.599998474121094,34.5,13057200.0,32.47526550292969,MPC
2020-05-20,37.279998779296875,35.150001525878906,35.349998474121094,36.81999969482422,18678500.0,34.65910720825195,MPC
2020-05-21,37.41999816894531,35.36000061035156,36.810001373291016,35.689998626708984,11427200.0,33.59541702270508,MPC
2020-05-22,35.84000015258789,34.439998626708984,35.58000183105469,35.56999969482422,5682700.0,33.48246383666992,MPC
2020-05-26,37.47999954223633,36.61000061035156,37.09000015258789,36.83000183105469,10481800.0,34.668514251708984,MPC
2020-05-27,37.939998626708984,35.560001373291016,37.72999954223633,36.58000183105469,10878100.0,34.43319320678711,MPC
2020-05-28,36.70000076293945,34.959999084472656,36.70000076293945,35.18000030517578,6998100.0,33.11534881591797,MPC
2020-05-29,35.43000030517578,34.11000061035156,34.779998779296875,35.13999938964844,11445100.0,33.07770538330078,MPC
2020-06-01,36.83000183105469,34.349998474121094,35.25,36.5,7414300.0,34.357887268066406,MPC
2020-06-02,37.939998626708984,36.47999954223633,37.0,37.720001220703125,7533100.0,35.50628662109375,MPC
2020-06-03,39.220001220703125,38.16999816894531,38.5,38.59000015258789,9151200.0,36.325225830078125,MPC
2020-06-04,38.86000061035156,37.529998779296875,38.20000076293945,38.040000915527344,9239300.0,35.8075065612793,MPC
2020-06-05,42.0099983215332,40.470001220703125,40.95000076293945,41.560001373291016,10867700.0,39.12092208862305,MPC
2020-06-08,44.119998931884766,41.529998779296875,43.5,42.209999084472656,14498100.0,39.7327766418457,MPC
2020-06-09,40.939998626708984,39.36000061035156,40.310001373291016,40.40999984741211,8264500.0,38.03841018676758,MPC
2020-06-10,40.79999923706055,39.130001068115234,39.810001373291016,39.189998626708984,7984800.0,36.890010833740234,MPC
2020-06-11,37.880001068115234,35.16999816894531,35.900001525878906,35.33000183105469,10531700.0,33.25654983520508,MPC
2020-06-12,37.900001525878906,35.33000183105469,37.630001068115234,36.619998931884766,7688900.0,34.47084045410156,MPC
2020-06-15,38.20000076293945,34.61000061035156,34.79999923706055,37.84000015258789,9565800.0,35.619239807128906,MPC
2020-06-16,40.47999954223633,37.619998931884766,40.11000061035156,38.63999938964844,7253800.0,36.37229537963867,MPC
2020-06-17,38.63999938964844,37.119998931884766,38.5,37.130001068115234,5498500.0,34.95091247558594,MPC
2020-06-18,39.0,36.40999984741211,36.95000076293945,38.470001220703125,6219300.0,36.21227264404297,MPC
2020-06-19,41.79999923706055,38.189998626708984,41.7599983215332,38.189998626708984,25989000.0,35.948699951171875,MPC
2020-06-22,38.779998779296875,37.02000045776367,37.63999938964844,38.61000061035156,10442600.0,36.344051361083984,MPC
2020-06-23,39.70000076293945,38.66999816894531,39.04999923706055,38.79999923706055,5808200.0,36.52290344238281,MPC
2020-06-24,38.15999984741211,35.72999954223633,37.84000015258789,36.22999954223633,7993800.0,34.103729248046875,MPC
2020-06-25,37.029998779296875,35.119998931884766,35.58000183105469,36.689998626708984,8370700.0,34.5367317199707,MPC
2020-06-26,39.04999923706055,34.65999984741211,36.38999938964844,35.369998931884766,14780900.0,33.2942008972168,MPC
2020-06-29,36.43000030517578,35.0,35.540000915527344,35.400001525878906,4630900.0,33.322444915771484,MPC
2020-06-30,37.65999984741211,34.689998626708984,35.119998931884766,37.380001068115234,6542100.0,35.18623733520508,MPC
2020-07-01,38.060001373291016,35.459999084472656,37.599998474121094,35.68000030517578,6026400.0,33.58600997924805,MPC
2020-07-02,37.41999816894531,35.93000030517578,36.43000030517578,36.06999969482422,5716300.0,33.95311737060547,MPC
2020-07-06,37.119998931884766,35.31999969482422,36.88999938964844,36.36000061035156,6860000.0,34.22610092163086,MPC
2020-07-07,35.91999816894531,34.630001068115234,35.540000915527344,34.689998626708984,6752000.0,32.65411376953125,MPC
2020-07-08,34.810001373291016,33.540000915527344,34.72999954223633,34.150001525878906,12174100.0,32.14580154418945,MPC
2020-07-09,34.2599983215332,32.56999969482422,34.2599983215332,33.349998474121094,10668600.0,31.39274787902832,MPC
2020-07-10,36.2599983215332,33.02000045776367,33.209999084472656,36.20000076293945,9439700.0,34.07549285888672,MPC
2020-07-13,36.45000076293945,35.04999923706055,36.31999969482422,35.310001373291016,8333300.0,33.23772048950195,MPC
2020-07-14,36.290000915527344,34.400001525878906,34.880001068115234,36.20000076293945,8771300.0,34.07549285888672,MPC
2020-07-15,37.72999954223633,36.4900016784668,37.36000061035156,37.56999969482422,4805100.0,35.365089416503906,MPC
2020-07-16,37.95000076293945,36.650001525878906,37.029998779296875,37.38999938964844,3380600.0,35.19565200805664,MPC
2020-07-17,39.630001068115234,37.20000076293945,37.63999938964844,37.93000030517578,10359900.0,35.70396423339844,MPC
2020-07-20,38.310001373291016,36.68000030517578,37.72999954223633,36.75,7093400.0,34.59321594238281,MPC
2020-07-21,38.7599983215332,37.15999984741211,37.290000915527344,38.540000915527344,6673300.0,36.27816390991211,MPC
2020-07-22,38.90999984741211,37.400001525878906,37.70000076293945,38.72999954223633,7550200.0,36.457008361816406,MPC
2020-07-23,39.5,38.11000061035156,38.20000076293945,38.880001068115234,4573800.0,36.59820556640625,MPC
2020-07-24,39.36000061035156,38.45000076293945,38.93000030517578,38.70000076293945,3728500.0,36.428768157958984,MPC
2020-07-27,38.90999984741211,37.75,38.52000045776367,38.52000045776367,3290300.0,36.25933837890625,MPC
2020-07-28,38.86000061035156,37.869998931884766,38.279998779296875,38.119998931884766,4821000.0,35.88280487060547,MPC
2020-07-29,39.95000076293945,38.22999954223633,38.34000015258789,39.90999984741211,5097300.0,37.56775665283203,MPC
2020-07-30,39.27000045776367,37.630001068115234,39.0,38.08000183105469,5949200.0,35.84516143798828,MPC
2020-07-31,38.54999923706055,37.2400016784668,37.599998474121094,38.20000076293945,9994400.0,35.95811462402344,MPC
2020-08-03,40.040000915527344,37.41999816894531,38.400001525878906,38.56999969482422,24358900.0,36.306400299072266,MPC
2020-08-04,38.56999969482422,36.5099983215332,37.83000183105469,37.689998626708984,13185700.0,35.47804260253906,MPC
2020-08-05,38.130001068115234,36.27000045776367,38.08000183105469,36.43000030517578,14914600.0,34.291996002197266,MPC
2020-08-06,36.880001068115234,35.4900016784668,36.06999969482422,35.72999954223633,7172500.0,33.63307189941406,MPC
2020-08-07,36.75,35.25,35.59000015258789,36.66999816894531,5469000.0,34.51791000366211,MPC
2020-08-10,37.150001525878906,36.04999923706055,36.900001525878906,37.130001068115234,9232600.0,34.95091247558594,MPC
2020-08-11,38.68000030517578,36.72999954223633,38.0,36.95000076293945,7622200.0,34.78147506713867,MPC
2020-08-12,38.45000076293945,37.349998474121094,38.029998779296875,38.130001068115234,8280400.0,35.8922233581543,MPC
2020-08-13,38.06999969482422,37.119998931884766,37.5,37.2599983215332,5040000.0,35.073280334472656,MPC
2020-08-14,38.380001068115234,36.900001525878906,37.04999923706055,38.349998474121094,5768100.0,36.099308013916016,MPC
2020-08-17,39.08000183105469,38.040000915527344,38.369998931884766,38.650001525878906,5424600.0,36.381710052490234,MPC
2020-08-18,38.220001220703125,37.22999954223633,37.93000030517578,37.2400016784668,5824200.0,35.58851623535156,MPC
2020-08-19,37.83000183105469,36.70000076293945,37.130001068115234,37.18000030517578,5357100.0,35.53117752075195,MPC
2020-08-20,36.689998626708984,35.619998931884766,36.58000183105469,35.619998931884766,8117000.0,34.04035186767578,MPC
2020-08-21,35.689998626708984,34.959999084472656,35.5,35.400001525878906,6586100.0,33.830116271972656,MPC
2020-08-24,37.02000045776367,35.47999954223633,35.79999923706055,36.810001373291016,7215700.0,35.17758560180664,MPC
2020-08-25,37.0,36.0099983215332,36.95000076293945,36.45000076293945,7086600.0,34.83354949951172,MPC
2020-08-26,36.599998474121094,35.29999923706055,36.31999969482422,35.33000183105469,5174700.0,33.76321792602539,MPC
2020-08-27,35.4900016784668,34.400001525878906,35.439998626708984,34.97999954223633,7384700.0,33.42873764038086,MPC
2020-08-28,37.2599983215332,35.099998474121094,35.15999984741211,37.09000015258789,7090800.0,35.44516372680664,MPC
2020-08-31,37.06999969482422,35.459999084472656,37.0099983215332,35.459999084472656,5727700.0,33.887447357177734,MPC
2020-09-01,35.86000061035156,34.630001068115234,35.0099983215332,34.970001220703125,5048700.0,33.419185638427734,MPC
2020-09-02,35.43000030517578,34.59000015258789,35.029998779296875,35.0099983215332,5556900.0,33.45740509033203,MPC
2020-09-03,35.83000183105469,33.939998626708984,35.099998474121094,34.2599983215332,6314800.0,32.74066925048828,MPC
2020-09-04,34.779998779296875,33.22999954223633,34.540000915527344,33.63999938964844,7278900.0,32.148162841796875,MPC
2020-09-08,33.40999984741211,32.22999954223633,33.040000915527344,32.33000183105469,6645500.0,30.896259307861328,MPC
2020-09-09,32.75,31.739999771118164,32.720001220703125,31.770000457763672,7017500.0,30.361093521118164,MPC
2020-09-10,31.969999313354492,30.219999313354492,31.8799991607666,30.270000457763672,8887000.0,28.927614212036133,MPC
2020-09-11,31.600000381469727,30.139999389648438,30.309999465942383,31.25,8273000.0,29.864152908325195,MPC
2020-09-14,32.4900016784668,31.479999542236328,31.489999771118164,32.02000045776367,9334900.0,30.600004196166992,MPC
2020-09-15,32.470001220703125,30.950000762939453,31.959999084472656,31.09000015258789,5248500.0,29.71124839782715,MPC
2020-09-16,33.060001373291016,30.75,31.309999465942383,32.36000061035156,9228800.0,30.924928665161133,MPC
2020-09-17,32.400001525878906,31.450000762939453,31.549999237060547,32.119998931884766,8454600.0,30.695571899414062,MPC
2020-09-18,32.61000061035156,31.639999389648438,31.739999771118164,32.279998779296875,12106500.0,30.848474502563477,MPC
2020-09-21,31.34000015258789,30.25,30.799999237060547,31.25,10301500.0,29.864152908325195,MPC
2020-09-22,31.709999084472656,30.8799991607666,31.100000381469727,31.040000915527344,9786300.0,29.663467407226562,MPC
2020-09-23,31.15999984741211,28.700000762939453,30.899999618530273,28.729999542236328,8669200.0,27.455907821655273,MPC
2020-09-24,29.149999618530273,27.56999969482422,28.510000228881836,28.6200008392334,9454400.0,27.350786209106445,MPC
2020-09-25,28.889999389648438,27.6299991607666,28.1299991607666,28.6299991607666,6647200.0,27.360342025756836,MPC
2020-09-28,30.309999465942383,29.18000030517578,29.459999084472656,29.950000762939453,7496000.0,28.62180519104004,MPC
2020-09-29,30.270000457763672,29.1200008392334,29.920000076293945,29.43000030517578,4856600.0,28.12486457824707,MPC
2020-09-30,30.209999084472656,29.1299991607666,29.59000015258789,29.34000015258789,5788800.0,28.038854598999023,MPC
2020-10-01,28.979999542236328,27.389999389648438,28.770000457763672,27.709999084472656,7880300.0,26.481142044067383,MPC
2020-10-02,28.639999389648438,26.559999465942383,26.81999969482422,28.270000457763672,7342400.0,27.016307830810547,MPC
2020-10-05,29.469999313354492,28.6200008392334,28.700000762939453,29.239999771118164,6615100.0,27.94329071044922,MPC
2020-10-06,30.299999237060547,28.760000228881836,29.770000457763672,28.829999923706055,5367900.0,27.55147361755371,MPC
2020-10-07,29.270000457763672,28.549999237060547,28.989999771118164,29.209999084472656,5507800.0,27.91461753845215,MPC
2020-10-08,31.139999389648438,29.280000686645508,29.389999389648438,31.1200008392334,6636000.0,29.739917755126953,MPC
2020-10-09,31.389999389648438,30.06999969482422,31.350000381469727,30.1200008392334,7514000.0,28.784265518188477,MPC
2020-10-12,30.510000228881836,29.6200008392334,29.969999313354492,30.489999771118164,4393100.0,29.137859344482422,MPC
2020-10-13,30.489999771118164,29.079999923706055,30.170000076293945,29.3799991607666,6551800.0,28.07708168029785,MPC
2020-10-14,30.600000381469727,29.43000030517578,29.540000915527344,29.90999984741211,4925100.0,28.58357810974121,MPC
2020-10-15,30.56999969482422,28.59000015258789,29.100000381469727,30.540000915527344,5150200.0,29.185638427734375,MPC
2020-10-16,30.520000457763672,29.31999969482422,30.34000015258789,29.3700008392334,5024100.0,28.067523956298828,MPC
2020-10-19,29.510000228881836,28.170000076293945,29.389999389648438,28.25,8570100.0,26.997194290161133,MPC
2020-10-20,29.5,28.5,28.600000381469727,29.239999771118164,6047600.0,27.94329071044922,MPC
2020-10-21,29.489999771118164,28.290000915527344,28.739999771118164,28.81999969482422,5732500.0,27.541915893554688,MPC
2020-10-22,29.649999618530273,28.09000015258789,28.610000610351562,29.510000228881836,6250000.0,28.201318740844727,MPC
2020-10-23,30.579999923706055,29.059999465942383,29.8700008392334,29.889999389648438,6050900.0,28.56446647644043,MPC
2020-10-26,29.290000915527344,28.149999618530273,29.25,28.600000381469727,6438500.0,27.3316707611084,MPC
2020-10-27,29.0,28.049999237060547,28.440000534057617,28.190000534057617,4681200.0,26.93985366821289,MPC
2020-10-28,27.940000534057617,26.790000915527344,27.270000457763672,27.5,8389000.0,26.280454635620117,MPC
2020-10-29,28.8799991607666,26.770000457763672,27.010000228881836,28.829999923706055,6478500.0,27.55147361755371,MPC
2020-10-30,29.530000686645508,28.15999984741211,28.5,29.5,8784600.0,28.191761016845703,MPC
2020-11-02,31.809999465942383,28.540000915527344,28.920000076293945,31.299999237060547,11738200.0,29.91193389892578,MPC
2020-11-03,32.34000015258789,31.459999084472656,31.68000030517578,31.90999984741211,8395600.0,30.494882583618164,MPC
2020-11-04,32.72999954223633,31.1299991607666,31.920000076293945,31.700000762939453,7392500.0,30.29419708251953,MPC
2020-11-05,32.52000045776367,31.520000457763672,31.649999618530273,31.829999923706055,7109500.0,30.418432235717773,MPC
2020-11-06,32.470001220703125,31.290000915527344,31.700000762939453,31.579999923706055,7181600.0,30.17951774597168,MPC
2020-11-09,38.220001220703125,35.650001525878906,35.68000030517578,36.470001220703125,17209800.0,34.852657318115234,MPC
2020-11-10,37.66999816894531,36.279998779296875,37.400001525878906,37.63999938964844,12599800.0,35.97077560424805,MPC
2020-11-11,38.220001220703125,36.7400016784668,37.84000015258789,37.189998626708984,5687600.0,35.540733337402344,MPC
2020-11-12,36.63999938964844,34.41999816894531,36.47999954223633,34.70000076293945,8952800.0,33.161155700683594,MPC
2020-11-13,37.63999938964844,35.02000045776367,35.189998626708984,37.560001373291016,7917600.0,35.894325256347656,MPC
2020-11-16,40.869998931884766,38.66999816894531,39.439998626708984,40.72999954223633,15288200.0,38.92374038696289,MPC
2020-11-17,40.65999984741211,38.15999984741211,39.02000045776367,40.61000061035156,7931300.0,39.36969757080078,MPC
2020-11-18,41.06999969482422,38.529998779296875,40.88999938964844,38.540000915527344,9135600.0,37.3629150390625,MPC
2020-11-19,39.2400016784668,37.209999084472656,37.45000076293945,39.08000183105469,6149200.0,37.88642501831055,MPC
2020-11-20,39.16999816894531,38.20000076293945,38.9900016784668,38.2599983215332,4602400.0,37.091468811035156,MPC
2020-11-23,41.349998474121094,38.880001068115234,39.0,41.220001220703125,8987300.0,39.96106719970703,MPC
2020-11-24,42.869998931884766,41.43000030517578,42.7400016784668,42.45000076293945,12176000.0,41.153499603271484,MPC
2020-11-25,42.209999084472656,41.34000015258789,41.88999938964844,41.47999954223633,5782500.0,40.21311950683594,MPC
2020-11-27,41.88999938964844,41.040000915527344,41.15999984741211,41.41999816894531,4122200.0,40.15495300292969,MPC
2020-11-30,41.4900016784668,38.63999938964844,40.83000183105469,38.880001068115234,13248200.0,37.69253158569336,MPC
2020-12-01,41.279998779296875,39.31999969482422,40.220001220703125,39.45000076293945,5942200.0,38.245121002197266,MPC
2020-12-02,41.22999954223633,38.7400016784668,39.0,40.58000183105469,5792600.0,39.34061050415039,MPC
2020-12-03,41.93000030517578,40.25,40.75,40.9900016784668,4191500.0,39.73809051513672,MPC
2020-12-04,43.560001373291016,41.720001220703125,41.849998474121094,42.90999984741211,5557700.0,41.59944534301758,MPC
2020-12-07,42.7400016784668,40.88999938964844,42.25,42.209999084472656,5835300.0,40.92082977294922,MPC
2020-12-08,43.310001373291016,41.4900016784668,41.54999923706055,42.45000076293945,4107200.0,41.153499603271484,MPC
2020-12-09,43.880001068115234,41.939998626708984,43.18000030517578,42.63999938964844,4302200.0,41.33769226074219,MPC
2020-12-10,44.689998626708984,42.34000015258789,42.45000076293945,43.83000183105469,9325100.0,42.49134826660156,MPC
2020-12-11,43.43000030517578,42.279998779296875,43.290000915527344,42.90999984741211,3651600.0,41.59944534301758,MPC
2020-12-14,43.900001525878906,40.52000045776367,43.310001373291016,40.7599983215332,6498400.0,39.515113830566406,MPC
2020-12-15,42.290000915527344,40.83000183105469,41.400001525878906,42.25,5041300.0,40.9596061706543,MPC
2020-12-16,42.2400016784668,41.380001068115234,42.060001373291016,41.650001525878906,5975500.0,40.377933502197266,MPC
2020-12-17,41.9900016784668,40.40999984741211,41.9900016784668,40.58000183105469,7227000.0,39.34061050415039,MPC
2020-12-18,40.560001373291016,39.72999954223633,40.060001373291016,40.349998474121094,12846400.0,39.11763000488281,MPC
2020-12-21,40.290000915527344,38.29999923706055,39.0,39.75,6302500.0,38.53596115112305,MPC
2020-12-22,40.290000915527344,39.560001373291016,39.650001525878906,39.66999816894531,7608000.0,38.45840072631836,MPC
2020-12-23,41.650001525878906,40.0,40.0,41.310001373291016,4944700.0,40.048316955566406,MPC
2020-12-24,41.22999954223633,40.38999938964844,40.86000061035156,41.209999084472656,1989300.0,39.95136642456055,MPC
2020-12-28,42.380001068115234,40.70000076293945,41.2599983215332,40.779998779296875,4293800.0,39.53449630737305,MPC
2020-12-29,41.310001373291016,40.47999954223633,40.97999954223633,40.72999954223633,3363000.0,39.486026763916016,MPC
2020-12-30,41.869998931884766,40.83000183105469,40.90999984741211,41.56999969482422,3152300.0,40.300376892089844,MPC
2020-12-31,41.9900016784668,41.060001373291016,41.5,41.36000061035156,3361400.0,40.0967903137207,MPC
2021-01-04,42.22999954223633,40.29999923706055,41.72999954223633,40.75,4174100.0,39.50542068481445,MPC
2021-01-05,43.31999969482422,40.939998626708984,41.0099983215332,42.09000015258789,5869100.0,40.80449295043945,MPC
2021-01-06,43.56999969482422,41.959999084472656,43.119998931884766,42.95000076293945,6819900.0,41.63822937011719,MPC
2021-01-07,44.779998779296875,42.880001068115234,43.22999954223633,44.16999816894531,6420500.0,42.82096481323242,MPC
2021-01-08,44.790000915527344,43.11000061035156,44.75,43.18000030517578,5255000.0,41.861202239990234,MPC
2021-01-11,43.84000015258789,42.060001373291016,42.40999984741211,43.59000015258789,4222600.0,42.25868225097656,MPC
2021-01-12,45.779998779296875,43.5,43.70000076293945,45.58000183105469,10484700.0,44.18790054321289,MPC
2021-01-13,45.43000030517578,43.630001068115234,45.36000061035156,44.31999969482422,7234600.0,42.96638488769531,MPC
2021-01-14,46.08000183105469,44.0099983215332,44.5,45.52000045776367,8816200.0,44.12973403930664,MPC
2021-01-15,45.0,43.33000183105469,44.900001525878906,43.97999954223633,7719000.0,42.63676452636719,MPC
2021-01-19,46.63999938964844,44.02000045776367,44.34000015258789,46.09000015258789,7186300.0,44.68232727050781,MPC
2021-01-20,46.93000030517578,45.209999084472656,46.470001220703125,46.16999816894531,5529300.0,44.75988006591797,MPC
2021-01-21,46.459999084472656,45.0099983215332,46.20000076293945,45.38999938964844,5204400.0,44.00370407104492,MPC
2021-01-22,45.84000015258789,43.77000045776367,44.18000030517578,45.75,3645100.0,44.35270690917969,MPC
2021-01-25,46.439998626708984,44.43000030517578,44.91999816894531,46.22999954223633,7148400.0,44.818050384521484,MPC
2021-01-26,47.189998626708984,44.97999954223633,46.68000030517578,45.15999984741211,4268200.0,43.78072738647461,MPC
2021-01-27,45.5099983215332,43.18000030517578,44.0,43.939998626708984,8826500.0,42.59798812866211,MPC
2021-01-28,45.279998779296875,43.459999084472656,44.380001068115234,44.77000045776367,6253800.0,43.40263748168945,MPC
2021-01-29,45.40999984741211,43.11000061035156,44.279998779296875,43.15999984741211,6180900.0,41.84181213378906,MPC
2021-02-01,44.060001373291016,42.31999969482422,43.77000045776367,43.45000076293945,5232100.0,42.122955322265625,MPC
2021-02-02,46.41999816894531,44.0099983215332,44.439998626708984,45.150001525878906,7112000.0,43.771034240722656,MPC
2021-02-03,47.459999084472656,45.400001525878906,45.56999969482422,47.29999923706055,6492000.0,45.855369567871094,MPC
2021-02-04,48.279998779296875,46.59000015258789,47.81999969482422,47.33000183105469,5007500.0,45.88445281982422,MPC
2021-02-05,48.22999954223633,47.22999954223633,48.0099983215332,47.650001525878906,3846000.0,46.194679260253906,MPC
2021-02-08,49.86000061035156,48.150001525878906,48.220001220703125,49.47999954223633,9360200.0,47.968788146972656,MPC
2021-02-09,49.09000015258789,48.130001068115234,49.04999923706055,48.869998931884766,5076900.0,47.377418518066406,MPC
2021-02-10,50.16999816894531,48.31999969482422,49.060001373291016,49.810001373291016,4938500.0,48.28871154785156,MPC
2021-02-11,49.939998626708984,48.65999984741211,49.84000015258789,49.7599983215332,3753700.0,48.240234375,MPC
2021-02-12,50.58000183105469,49.25,49.439998626708984,50.459999084472656,3907200.0,48.91885757446289,MPC
2021-02-16,52.08000183105469,50.720001220703125,50.810001373291016,51.459999084472656,10784600.0,50.468414306640625,MPC
2021-02-17,52.119998931884766,50.459999084472656,51.560001373291016,51.88999938964844,5542300.0,50.8901252746582,MPC
2021-02-18,51.93000030517578,50.810001373291016,51.63999938964844,51.220001220703125,4951800.0,50.23303985595703,MPC
2021-02-19,53.310001373291016,51.529998779296875,51.59000015258789,53.0,7603600.0,51.978736877441406,MPC
2021-02-22,55.70000076293945,53.38999938964844,53.61000061035156,54.849998474121094,8770000.0,53.7930908203125,MPC
2021-02-23,56.13999938964844,53.81999969482422,55.04999923706055,55.77000045776367,7649100.0,54.69536209106445,MPC
2021-02-24,56.9900016784668,55.83000183105469,56.04999923706055,56.650001525878906,6605200.0,55.558406829833984,MPC
2021-02-25,56.97999954223633,54.439998626708984,56.97999954223633,55.06999969482422,6781600.0,54.00885009765625,MPC
2021-02-26,55.22999954223633,52.16999816894531,54.81999969482422,54.619998931884766,6259900.0,53.56752014160156,MPC
2021-03-01,56.75,55.0,55.939998626708984,56.099998474121094,6159300.0,55.019004821777344,MPC
2021-03-02,57.06999969482422,55.650001525878906,56.5,56.029998779296875,6094700.0,54.95035171508789,MPC
2021-03-03,57.689998626708984,55.77000045776367,56.43000030517578,56.06999969482422,5259900.0,54.98958206176758,MPC
2021-03-04,57.459999084472656,54.95000076293945,56.29999923706055,56.5099983215332,7032400.0,55.421104431152344,MPC
2021-03-05,58.31999969482422,55.060001373291016,58.16999816894531,57.31999969482422,6865900.0,56.21549606323242,MPC
2021-03-08,58.77000045776367,56.619998931884766,58.06999969482422,57.15999984741211,7192100.0,56.05857849121094,MPC
2021-03-09,58.18000030517578,55.810001373291016,56.689998626708984,55.869998931884766,5278500.0,54.79343795776367,MPC
2021-03-10,58.43000030517578,56.36000061035156,56.36000061035156,58.18000030517578,6504000.0,57.058921813964844,MPC
2021-03-11,59.93000030517578,57.880001068115234,58.66999816894531,58.0,6318500.0,56.88239288330078,MPC
2021-03-12,58.630001068115234,57.31999969482422,58.470001220703125,57.75,5053200.0,56.637210845947266,MPC
2021-03-15,58.20000076293945,56.56999969482422,57.900001525878906,57.86000061035156,5901500.0,56.74509048461914,MPC
2021-03-16,57.040000915527344,55.52000045776367,56.86000061035156,56.209999084472656,10415300.0,55.12688446044922,MPC
2021-03-17,56.619998931884766,54.72999954223633,55.790000915527344,56.209999084472656,7586400.0,55.12688446044922,MPC
2021-03-18,55.65999984741211,52.810001373291016,55.65999984741211,52.849998474121094,9731000.0,51.831626892089844,MPC
2021-03-19,54.540000915527344,52.40999984741211,53.060001373291016,53.7599983215332,14090200.0,52.72409439086914,MPC
2021-03-22,53.97999954223633,52.95000076293945,53.5,53.349998474121094,4805300.0,52.32199478149414,MPC
2021-03-23,53.43000030517578,51.79999923706055,52.5099983215332,52.439998626708984,6252100.0,51.42953109741211,MPC
2021-03-24,54.650001525878906,53.06999969482422,53.5,53.16999816894531,6802900.0,52.14545822143555,MPC
2021-03-25,54.189998626708984,51.119998931884766,52.349998474121094,53.880001068115234,5087700.0,52.84178161621094,MPC
2021-03-26,55.31999969482422,54.0,54.900001525878906,55.02000045776367,3822400.0,53.959815979003906,MPC
2021-03-29,54.630001068115234,53.20000076293945,54.13999938964844,53.529998779296875,4552200.0,52.4985237121582,MPC
2021-03-30,54.22999954223633,52.77000045776367,52.970001220703125,53.599998474121094,3228700.0,52.567176818847656,MPC
2021-03-31,53.81999969482422,53.06999969482422,53.5,53.4900016784668,4984800.0,52.45929718017578,MPC
2021-04-01,55.81999969482422,53.5,53.88999938964844,55.79999923706055,5490800.0,54.72478485107422,MPC
2021-04-05,55.7599983215332,53.38999938964844,55.5,53.959999084472656,5589900.0,52.92023849487305,MPC
2021-04-06,55.220001220703125,53.25,54.369998931884766,53.68000030517578,5009000.0,52.645633697509766,MPC
2021-04-07,54.16999816894531,53.31999969482422,53.529998779296875,53.9900016784668,3850300.0,52.94966506958008,MPC
2021-04-08,53.81999969482422,52.34000015258789,53.20000076293945,53.36000061035156,6030800.0,52.33180236816406,MPC
2021-04-09,53.810001373291016,52.65999984741211,53.36000061035156,52.83000183105469,3191900.0,51.812015533447266,MPC
2021-04-12,53.75,52.02000045776367,53.41999816894531,52.209999084472656,3677900.0,51.20396041870117,MPC
2021-04-13,52.709999084472656,51.54999923706055,51.79999923706055,52.56999969482422,3059300.0,51.55702209472656,MPC
2021-04-14,54.880001068115234,52.970001220703125,53.09000015258789,53.869998931884766,4587500.0,52.831974029541016,MPC
2021-04-15,53.91999816894531,52.88999938964844,53.70000076293945,53.869998931884766,4410700.0,52.831974029541016,MPC
2021-04-16,55.58000183105469,53.720001220703125,55.20000076293945,54.2599983215332,6161300.0,53.21445846557617,MPC
2021-04-19,54.33000183105469,52.86000061035156,53.849998474121094,53.43000030517578,3991600.0,52.40045166015625,MPC
2021-04-20,53.22999954223633,51.45000076293945,53.09000015258789,52.04999923706055,4337400.0,51.04704284667969,MPC
2021-04-21,53.41999816894531,51.279998779296875,51.43000030517578,53.310001373291016,3457400.0,52.28276824951172,MPC
2021-04-22,53.310001373291016,51.97999954223633,53.310001373291016,52.060001373291016,7656200.0,51.05685043334961,MPC
2021-04-23,53.2400016784668,52.09000015258789,52.439998626708984,53.0,4179200.0,51.978736877441406,MPC
2021-04-26,53.58000183105469,52.720001220703125,52.84000015258789,53.27000045776367,4488700.0,52.24353790283203,MPC
2021-04-27,54.060001373291016,53.130001068115234,53.459999084472656,53.88999938964844,4867200.0,52.85158920288086,MPC
2021-04-28,55.7400016784668,54.369998931884766,54.40999984741211,55.439998626708984,5896000.0,54.37171936035156,MPC
2021-04-29,57.25,55.650001525878906,56.310001373291016,56.040000915527344,5505400.0,54.96016311645508,MPC
2021-04-30,57.099998474121094,55.15999984741211,55.38999938964844,55.650001525878906,4773000.0,54.57767868041992,MPC
2021-05-03,57.68000030517578,56.15999984741211,56.52000045776367,57.15999984741211,7066600.0,56.05857849121094,MPC
2021-05-04,58.220001220703125,55.380001068115234,56.0,57.29999923706055,7081500.0,56.19588088989258,MPC
2021-05-05,59.38999938964844,57.20000076293945,57.95000076293945,59.369998931884766,8732000.0,58.22599411010742,MPC
2021-05-06,60.04999923706055,58.849998474121094,59.5,59.459999084472656,7405500.0,58.31425857543945,MPC
2021-05-07,60.22999954223633,58.68000030517578,59.0,60.0,8178200.0,58.84385681152344,MPC
2021-05-10,61.11000061035156,59.63999938964844,60.52000045776367,59.810001373291016,6884600.0,58.65751647949219,MPC
2021-05-11,59.459999084472656,57.959999084472656,58.75,58.63999938964844,5801400.0,57.51005935668945,MPC
2021-05-12,60.52000045776367,58.70000076293945,58.70000076293945,58.970001220703125,7541600.0,57.833702087402344,MPC
2021-05-13,60.099998474121094,58.02000045776367,58.33000183105469,58.779998779296875,5491100.0,57.647361755371094,MPC
2021-05-14,61.95000076293945,55.97999954223633,59.459999084472656,60.08000183105469,31341800.0,58.92231369018555,MPC
2021-05-17,61.7599983215332,60.04999923706055,60.11000061035156,61.52000045776367,11254800.0,60.33456802368164,MPC
2021-05-18,61.880001068115234,60.27000045776367,61.18000030517578,60.33000183105469,11782100.0,59.730628967285156,MPC
2021-05-19,60.04999923706055,58.779998779296875,59.130001068115234,59.54999923706055,9215400.0,58.9583740234375,MPC
2021-05-20,59.95000076293945,58.77000045776367,59.41999816894531,59.66999816894531,8310500.0,59.07718276977539,MPC
2021-05-21,60.54999923706055,59.45000076293945,60.119998931884766,59.59000015258789,9741400.0,58.99797821044922,MPC
2021-05-24,60.900001525878906,59.59000015258789,60.040000915527344,60.72999954223633,11488300.0,60.126651763916016,MPC
2021-05-25,60.90999984741211,59.88999938964844,60.70000076293945,60.0099983215332,8911900.0,59.41380310058594,MPC
2021-05-26,61.06999969482422,60.060001373291016,60.25,60.79999923706055,8740800.0,60.19595718383789,MPC
2021-05-27,61.58000183105469,60.790000915527344,60.880001068115234,61.400001525878906,11339200.0,60.78999710083008,MPC
2021-05-28,61.970001220703125,61.18000030517578,61.59000015258789,61.79999923706055,8962400.0,61.1860237121582,MPC
2021-06-01,63.04999923706055,62.09000015258789,62.5,62.5,6361400.0,61.87907028198242,MPC
2021-06-02,63.380001068115234,62.13999938964844,63.0,62.97999954223633,7552500.0,62.35429763793945,MPC
2021-06-03,63.70000076293945,62.470001220703125,62.900001525878906,63.2599983215332,7620800.0,62.63151550292969,MPC
2021-06-04,63.880001068115234,62.810001373291016,63.689998626708984,63.66999816894531,5751800.0,63.03744125366211,MPC
2021-06-07,64.02999877929688,63.02000045776367,63.619998931884766,63.34000015258789,5920300.0,62.710723876953125,MPC
2021-06-08,64.16999816894531,62.790000915527344,63.2599983215332,64.08999633789062,9855000.0,63.453269958496094,MPC
2021-06-09,64.69999694824219,63.54999923706055,64.29000091552734,63.61000061035156,13185600.0,62.97804260253906,MPC
2021-06-10,64.83999633789062,63.04999923706055,64.66000366210938,63.439998626708984,6980000.0,62.80972671508789,MPC
2021-06-11,64.0,63.15999984741211,63.70000076293945,63.18000030517578,3631600.0,62.55231475830078,MPC
2021-06-14,63.709999084472656,62.77000045776367,63.380001068115234,62.9900016784668,8772100.0,62.364200592041016,MPC
2021-06-15,64.29000091552734,63.06999969482422,63.29999923706055,63.66999816894531,6232000.0,63.03744125366211,MPC
2021-06-16,63.81999969482422,62.70000076293945,63.470001220703125,63.279998779296875,5432400.0,62.65131759643555,MPC
2021-06-17,63.7599983215332,60.43000030517578,63.27000045776367,60.959999084472656,7209900.0,60.354366302490234,MPC
2021-06-18,60.5099983215332,58.86000061035156,60.16999816894531,58.869998931884766,8980600.0,58.28512954711914,MPC
2021-06-21,61.16999816894531,59.150001525878906,59.33000183105469,61.04999923706055,4657900.0,60.44347381591797,MPC
2021-06-22,61.689998626708984,60.380001068115234,60.7400016784668,61.34000015258789,4246900.0,60.730594635009766,MPC
2021-06-23,62.849998474121094,61.529998779296875,62.060001373291016,61.54999923706055,3538800.0,60.938507080078125,MPC
2021-06-24,62.5,61.439998626708984,62.0,62.34000015258789,2646000.0,61.72065734863281,MPC
2021-06-25,62.72999954223633,61.709999084472656,62.47999954223633,62.54999923706055,9623100.0,61.92856979370117,MPC
2021-06-28,62.529998779296875,60.40999984741211,62.400001525878906,60.5,6040700.0,59.8989372253418,MPC
2021-06-29,61.119998931884766,60.0099983215332,60.91999816894531,60.08000183105469,3630100.0,59.48311233520508,MPC
2021-06-30,60.849998474121094,60.040000915527344,60.29999923706055,60.41999816894531,3822200.0,59.819732666015625,MPC
2021-07-01,61.779998779296875,60.81999969482422,61.45000076293945,61.27000045776367,4013900.0,60.66128921508789,MPC
2021-07-02,61.5,60.38999938964844,61.5,61.06999969482422,4312200.0,60.46327590942383,MPC
2021-07-06,60.97999954223633,58.79999923706055,60.810001373291016,58.970001220703125,9406400.0,58.38414001464844,MPC
2021-07-07,59.18000030517578,57.31999969482422,58.79999923706055,57.95000076293945,4186500.0,57.374271392822266,MPC
2021-07-08,57.90999984741211,56.380001068115234,56.75,57.45000076293945,6898600.0,56.879241943359375,MPC
2021-07-09,58.75,57.18000030517578,58.06999969482422,58.68000030517578,5776200.0,58.09701919555664,MPC
2021-07-12,59.16999816894531,57.619998931884766,58.13999938964844,58.33000183105469,4943600.0,57.7504997253418,MPC
2021-07-13,58.15999984741211,57.15999984741211,57.970001220703125,57.400001525878906,4934900.0,56.82973861694336,MPC
2021-07-14,57.84000015258789,55.02000045776367,57.220001220703125,55.119998931884766,7799800.0,54.5723876953125,MPC
2021-07-15,55.16999816894531,54.02000045776367,54.599998474121094,54.25,7348800.0,53.71103286743164,MPC
2021-07-16,54.83000183105469,53.13999938964844,54.68000030517578,53.2599983215332,6763600.0,52.730865478515625,MPC
2021-07-19,51.790000915527344,50.189998626708984,51.369998931884766,50.880001068115234,10787800.0,50.37451171875,MPC
2021-07-20,52.27000045776367,50.459999084472656,51.06999969482422,52.119998931884766,5664600.0,51.60219192504883,MPC
2021-07-21,54.5099983215332,52.93000030517578,52.959999084472656,54.08000183105469,5798900.0,53.542720794677734,MPC
2021-07-22,53.81999969482422,52.790000915527344,53.81999969482422,53.38999938964844,3179200.0,52.85957336425781,MPC
2021-07-23,53.70000076293945,52.63999938964844,53.20000076293945,53.43000030517578,3058400.0,52.89917755126953,MPC
2021-07-26,54.7400016784668,53.779998779296875,53.83000183105469,54.65999984741211,3948200.0,54.11695861816406,MPC
2021-07-27,54.47999954223633,53.61000061035156,53.9900016784668,54.34000015258789,3625600.0,53.80013656616211,MPC
2021-07-28,55.810001373291016,54.13999938964844,54.650001525878906,55.279998779296875,3196500.0,54.730796813964844,MPC
2021-07-29,56.470001220703125,55.470001220703125,56.11000061035156,55.93000030517578,3210800.0,55.37434005737305,MPC
2021-07-30,56.09000015258789,54.779998779296875,55.5,55.220001220703125,3641700.0,54.67139434814453,MPC
2021-08-02,56.40999984741211,54.2400016784668,55.290000915527344,54.459999084472656,5258600.0,53.9189453125,MPC
2021-08-03,55.95000076293945,53.65999984741211,54.279998779296875,55.939998626708984,4892500.0,55.384239196777344,MPC
2021-08-04,55.91999816894531,54.189998626708984,54.75,54.380001068115234,6118000.0,53.83974075317383,MPC
2021-08-05,57.33000183105469,55.02000045776367,55.15999984741211,56.4900016784668,7163100.0,55.92877960205078,MPC
2021-08-06,57.77000045776367,56.45000076293945,57.34000015258789,57.40999984741211,6351900.0,56.839637756347656,MPC
2021-08-09,57.880001068115234,56.45000076293945,56.529998779296875,57.220001220703125,5451600.0,56.651527404785156,MPC
2021-08-10,58.66999816894531,57.459999084472656,57.70000076293945,58.47999954223633,6051300.0,57.89900588989258,MPC
2021-08-11,59.220001220703125,58.08000183105469,58.29999923706055,59.13999938964844,4856600.0,58.55244827270508,MPC
2021-08-12,59.58000183105469,58.439998626708984,58.939998626708984,59.540000915527344,4948000.0,58.94847869873047,MPC
2021-08-13,59.90999984741211,59.08000183105469,59.58000183105469,59.150001525878906,3638100.0,58.56235122680664,MPC
2021-08-16,58.97999954223633,57.880001068115234,58.310001373291016,58.380001068115234,5633000.0,57.80000305175781,MPC
2021-08-17,58.27000045776367,56.72999954223633,57.41999816894531,57.099998474121094,5789000.0,57.099998474121094,MPC
2021-08-18,57.84000015258789,56.209999084472656,56.97999954223633,56.279998779296875,4414000.0,56.279998779296875,MPC
2021-08-19,55.91999816894531,53.54999923706055,55.439998626708984,54.22999954223633,8185600.0,54.22999954223633,MPC
2021-08-20,54.900001525878906,53.470001220703125,53.63999938964844,54.77000045776367,5964000.0,54.77000045776367,MPC
2021-08-23,56.97999954223633,55.790000915527344,55.939998626708984,56.81999969482422,4499600.0,56.81999969482422,MPC
2021-08-24,58.36000061035156,57.040000915527344,57.29999923706055,57.959999084472656,4597400.0,57.959999084472656,MPC
2021-08-25,59.20000076293945,57.5,57.90999984741211,58.630001068115234,5268500.0,58.630001068115234,MPC
2021-08-26,58.88999938964844,58.0099983215332,58.7400016784668,58.09000015258789,4982600.0,58.09000015258789,MPC
2021-08-27,60.529998779296875,58.790000915527344,58.790000915527344,60.02000045776367,6555400.0,60.02000045776367,MPC
2021-08-30,60.4900016784668,58.869998931884766,60.33000183105469,58.93000030517578,6138900.0,58.93000030517578,MPC
2021-08-31,59.81999969482422,58.58000183105469,58.58000183105469,59.27000045776367,6464100.0,59.27000045776367,MPC
2021-09-01,59.40999984741211,57.02000045776367,59.099998474121094,57.25,6489000.0,57.25,MPC
2021-09-02,58.66999816894531,57.369998931884766,57.84000015258789,57.900001525878906,5402400.0,57.900001525878906,MPC
2021-09-03,58.4900016784668,57.5,57.720001220703125,58.2400016784668,5010200.0,58.2400016784668,MPC
2021-09-07,59.720001220703125,58.060001373291016,58.279998779296875,58.56999969482422,4952400.0,58.56999969482422,MPC
2021-09-08,59.25,57.060001373291016,58.86000061035156,57.11000061035156,7420200.0,57.11000061035156,MPC
2021-09-09,58.13999938964844,56.5099983215332,56.66999816894531,57.25,5004800.0,57.25,MPC
2021-09-10,58.22999954223633,56.529998779296875,58.189998626708984,56.869998931884766,4866400.0,56.869998931884766,MPC
2021-09-13,58.63999938964844,57.58000183105469,57.630001068115234,58.61000061035156,5885400.0,58.61000061035156,MPC
2021-09-14,59.34000015258789,57.439998626708984,59.31999969482422,57.560001373291016,5609100.0,57.560001373291016,MPC
2021-09-15,59.68000030517578,58.150001525878906,58.209999084472656,59.56999969482422,6875200.0,59.56999969482422,MPC
2021-09-16,59.720001220703125,58.75,59.540000915527344,59.099998474121094,4135700.0,59.099998474121094,MPC
2021-09-17,59.540000915527344,58.470001220703125,58.849998474121094,58.86000061035156,7621100.0,58.86000061035156,MPC
2021-09-20,58.310001373291016,56.08000183105469,57.099998474121094,57.130001068115234,6919800.0,57.130001068115234,MPC
2021-09-21,58.36000061035156,56.66999816894531,58.040000915527344,57.84000015258789,4525200.0,57.84000015258789,MPC
2021-09-22,60.72999954223633,58.5099983215332,58.810001373291016,59.90999984741211,7604000.0,59.90999984741211,MPC
2021-09-23,61.91999816894531,59.7599983215332,59.95000076293945,61.79999923706055,5851900.0,61.79999923706055,MPC
2021-09-24,62.279998779296875,61.0099983215332,61.34000015258789,61.88999938964844,3860900.0,61.88999938964844,MPC
2021-09-27,63.79999923706055,62.790000915527344,62.9900016784668,63.09000015258789,7532900.0,63.09000015258789,MPC
2021-09-28,63.939998626708984,62.31999969482422,63.84000015258789,62.5099983215332,6093500.0,62.5099983215332,MPC
2021-09-29,62.68000030517578,61.7400016784668,62.68000030517578,61.93000030517578,4963200.0,61.93000030517578,MPC
2021-09-30,63.029998779296875,61.52000045776367,61.970001220703125,61.810001373291016,6531900.0,61.810001373291016,MPC
2021-10-01,63.599998474121094,61.90999984741211,62.0,63.560001373291016,6868200.0,63.560001373291016,MPC
2021-10-04,64.69000244140625,62.88999938964844,63.91999816894531,63.02000045776367,9084700.0,63.02000045776367,MPC
2021-10-05,64.33999633789062,62.150001525878906,63.40999984741211,63.25,7908100.0,63.25,MPC
2021-10-06,63.400001525878906,61.439998626708984,62.4900016784668,62.86000061035156,9077700.0,62.86000061035156,MPC
2021-10-07,64.3499984741211,63.369998931884766,63.52000045776367,63.5,6021800.0,63.5,MPC
2021-10-08,65.26000213623047,63.91999816894531,64.0199966430664,65.16000366210938,6424800.0,65.16000366210938,MPC
2021-10-11,66.13999938964844,64.48999786376953,66.0,64.55999755859375,4832000.0,64.55999755859375,MPC
2021-10-12,65.3499984741211,64.25,64.5,64.73999786376953,6470300.0,64.73999786376953,MPC
2021-10-13,65.41999816894531,63.70000076293945,64.30000305175781,65.26000213623047,5142200.0,65.26000213623047,MPC
2021-10-14,67.0,65.62999725341797,66.26000213623047,66.68000030517578,6837700.0,66.68000030517578,MPC
2021-10-15,67.91999816894531,66.63999938964844,67.51000213623047,66.80000305175781,6184700.0,66.80000305175781,MPC
2021-10-18,67.41999816894531,66.03500366210938,67.30999755859375,66.4000015258789,4864866.0,66.4000015258789,MPC
