Date,High,Low,Open,Close,Volume,Adj Close,Name
2016-10-18,121.48999786376953,119.88999938964844,121.26000213623047,120.0,879400.0,109.67240905761719,SWK
2016-10-19,120.70999908447266,119.54000091552734,120.44999694824219,119.61000061035156,753000.0,109.31597900390625,SWK
2016-10-20,120.72000122070312,118.73999786376953,119.12000274658203,120.2300033569336,1161900.0,109.88262176513672,SWK
2016-10-21,119.91000366210938,119.12999725341797,119.26000213623047,119.70999908447266,664800.0,109.40735626220703,SWK
2016-10-24,120.87999725341797,119.08999633789062,120.43000030517578,119.5199966430664,877100.0,109.23371124267578,SWK
2016-10-25,119.4800033569336,116.58000183105469,119.05000305175781,117.0199966430664,1552000.0,106.94886016845703,SWK
2016-10-26,117.33000183105469,115.5,116.80000305175781,116.7699966430664,2010600.0,106.72039794921875,SWK
2016-10-27,120.27999877929688,111.88999938964844,120.27999877929688,115.02999877929688,2488300.0,105.13013458251953,SWK
2016-10-28,115.3499984741211,113.6500015258789,114.58999633789062,114.38999938964844,2106800.0,104.54523468017578,SWK
2016-10-31,114.73999786376953,113.37999725341797,114.3499984741211,113.83999633789062,1394400.0,104.04255676269531,SWK
2016-11-01,114.3499984741211,112.86000061035156,113.7699966430664,113.5999984741211,1758600.0,103.8232192993164,SWK
2016-11-02,114.55999755859375,112.91000366210938,113.79000091552734,113.48999786376953,1377700.0,103.7226791381836,SWK
2016-11-03,114.33999633789062,113.37999725341797,114.02999877929688,114.06999969482422,1244900.0,104.25277709960938,SWK
2016-11-04,115.47000122070312,114.0999984741211,114.19999694824219,114.58000183105469,1344300.0,104.71887969970703,SWK
2016-11-07,117.30999755859375,115.6500015258789,116.5199966430664,117.2699966430664,1665800.0,107.17735290527344,SWK
2016-11-08,118.48999786376953,116.58999633789062,117.08000183105469,117.94000244140625,1250300.0,107.78970336914062,SWK
2016-11-09,120.6500015258789,116.0,116.83000183105469,119.9000015258789,1221300.0,109.58101654052734,SWK
2016-11-10,125.18000030517578,120.63999938964844,120.63999938964844,125.06999969482422,1805900.0,114.30606079101562,SWK
2016-11-11,126.31999969482422,124.31999969482422,124.70999908447266,125.77999877929688,1807300.0,114.9549560546875,SWK
2016-11-14,126.72000122070312,121.52999877929688,126.06999969482422,121.88999938964844,2509300.0,111.3997573852539,SWK
2016-11-15,122.70999908447266,120.69999694824219,121.77999877929688,122.69000244140625,990800.0,112.13088989257812,SWK
2016-11-16,123.31999969482422,121.77999877929688,123.31999969482422,123.02999877929688,892000.0,112.44163513183594,SWK
2016-11-17,123.54000091552734,121.9000015258789,123.2300033569336,122.0199966430664,706400.0,111.51853942871094,SWK
2016-11-18,123.12999725341797,121.36000061035156,121.98999786376953,121.55999755859375,548900.0,111.09815216064453,SWK
2016-11-21,122.5,120.70999908447266,122.19000244140625,121.12999725341797,798700.0,110.70515441894531,SWK
2016-11-22,121.51000213623047,120.33999633789062,121.41000366210938,120.9800033569336,1074700.0,110.56806945800781,SWK
2016-11-23,121.55999755859375,119.69999694824219,121.22000122070312,120.4000015258789,1504000.0,110.03800201416016,SWK
2016-11-25,121.5999984741211,120.5,120.61000061035156,121.5999984741211,380600.0,111.13471221923828,SWK
2016-11-28,121.58000183105469,119.52999877929688,121.31999969482422,119.63999938964844,1123000.0,109.3433837890625,SWK
2016-11-29,120.87000274658203,119.25,119.4000015258789,119.93000030517578,632600.0,109.60843658447266,SWK
2016-11-30,120.77999877929688,118.44999694824219,119.94000244140625,118.62999725341797,857100.0,108.94719696044922,SWK
2016-12-01,119.91000366210938,118.54000091552734,119.08999633789062,118.81999969482422,826900.0,109.12168884277344,SWK
2016-12-02,119.19999694824219,118.12000274658203,118.91000366210938,118.2300033569336,888500.0,108.57987213134766,SWK
2016-12-05,119.81999969482422,118.58000183105469,119.25,119.1500015258789,799900.0,109.42475128173828,SWK
2016-12-06,119.2699966430664,118.01000213623047,118.94999694824219,118.63999938964844,995800.0,108.95639038085938,SWK
2016-12-07,120.58999633789062,118.18000030517578,118.18000030517578,120.58000183105469,709500.0,110.73805236816406,SWK
2016-12-08,121.62000274658203,119.88999938964844,120.44999694824219,120.94999694824219,693300.0,111.07781982421875,SWK
2016-12-09,121.18000030517578,119.76000213623047,120.79000091552734,120.5,609000.0,110.66456604003906,SWK
2016-12-12,120.70999908447266,119.7300033569336,120.33999633789062,120.12999725341797,759500.0,110.32476043701172,SWK
2016-12-13,120.88999938964844,117.87000274658203,120.18000030517578,119.0999984741211,1163700.0,109.37882232666016,SWK
2016-12-14,120.7300033569336,117.94999694824219,119.11000061035156,118.19999694824219,1100100.0,108.55229187011719,SWK
2016-12-15,120.02999877929688,117.4800033569336,118.04000091552734,118.16000366210938,1539500.0,108.51557159423828,SWK
2016-12-16,118.94000244140625,116.73999786376953,117.9800033569336,116.7699966430664,1722300.0,107.23900604248047,SWK
2016-12-19,118.1500015258789,116.87000274658203,116.91000366210938,117.44000244140625,930800.0,107.85433197021484,SWK
2016-12-20,117.9800033569336,117.02999877929688,117.7699966430664,117.20999908447266,725200.0,107.64309692382812,SWK
2016-12-21,117.56999969482422,116.16999816894531,117.38999938964844,116.77999877929688,901900.0,107.24820709228516,SWK
2016-12-22,117.18000030517578,115.62000274658203,116.86000061035156,115.80999755859375,811400.0,106.35734558105469,SWK
2016-12-23,117.04000091552734,115.86000061035156,115.86000061035156,116.69000244140625,509100.0,107.16554260253906,SWK
2016-12-27,116.94000244140625,115.94999694824219,116.94000244140625,116.48999786376953,450300.0,106.98184967041016,SWK
2016-12-28,117.2699966430664,114.88999938964844,116.73999786376953,115.08999633789062,571700.0,105.6961441040039,SWK
2016-12-29,116.58000183105469,114.83000183105469,115.12000274658203,115.23999786376953,546600.0,105.83387756347656,SWK
2016-12-30,115.9000015258789,114.2699966430664,115.72000122070312,114.69000244140625,594300.0,105.32878875732422,SWK
2017-01-03,116.36000061035156,114.86000061035156,115.63999938964844,115.75,731600.0,106.30228424072266,SWK
2017-01-04,116.94000244140625,115.77999877929688,116.22000122070312,116.4800033569336,940100.0,106.97269439697266,SWK
2017-01-05,120.69000244140625,117.58000183105469,120.11000061035156,118.3499984741211,1944400.0,108.69005584716797,SWK
2017-01-06,118.94999694824219,117.5199966430664,118.58999633789062,118.20999908447266,1016300.0,108.56148529052734,SWK
2017-01-09,118.87999725341797,117.54000091552734,118.20999908447266,117.66000366210938,923800.0,108.05638122558594,SWK
2017-01-10,119.0999984741211,117.43000030517578,117.95999908447266,117.75,936300.0,108.13904571533203,SWK
2017-01-11,118.12000274658203,116.94999694824219,117.9800033569336,117.98999786376953,959000.0,108.35943603515625,SWK
2017-01-12,118.86000061035156,116.62999725341797,117.93000030517578,118.76000213623047,961100.0,109.06658935546875,SWK
2017-01-13,119.45999908447266,118.19000244140625,118.91999816894531,119.33000183105469,813800.0,109.590087890625,SWK
2017-01-17,118.77999877929688,117.41999816894531,118.31999969482422,118.30000305175781,935700.0,108.64414978027344,SWK
2017-01-18,121.94999694824219,117.94000244140625,118.52999877929688,120.19999694824219,1649300.0,110.38904571533203,SWK
2017-01-19,120.9000015258789,119.41000366210938,120.0199966430664,119.66000366210938,637300.0,109.89312744140625,SWK
2017-01-20,120.62999725341797,119.5,120.37999725341797,119.98999786376953,910100.0,110.19620513916016,SWK
2017-01-23,120.55000305175781,119.25,119.48999786376953,120.47000122070312,942400.0,110.63701629638672,SWK
2017-01-24,123.16999816894531,120.19999694824219,120.69999694824219,122.66999816894531,1345800.0,112.65742492675781,SWK
2017-01-25,124.79000091552734,122.88999938964844,123.11000061035156,124.29000091552734,1604500.0,114.14520263671875,SWK
2017-01-26,126.3499984741211,120.55999755859375,123.19999694824219,124.0999984741211,1943700.0,113.97071838378906,SWK
2017-01-27,126.43000030517578,124.41000366210938,124.63999938964844,125.02999877929688,984000.0,114.8248291015625,SWK
2017-01-30,128.77000427246094,124.0999984741211,128.77000427246094,125.05999755859375,1136400.0,114.85237884521484,SWK
2017-01-31,125.1500015258789,123.19000244140625,124.9000015258789,124.0,1245900.0,113.87889099121094,SWK
2017-02-01,123.66999816894531,121.41000366210938,123.66999816894531,122.66000366210938,1543900.0,112.6482925415039,SWK
2017-02-02,122.94000244140625,120.88999938964844,122.94000244140625,122.36000061035156,983600.0,112.37275695800781,SWK
2017-02-03,123.9000015258789,122.66999816894531,123.05000305175781,123.5199966430664,699300.0,113.43804168701172,SWK
2017-02-06,123.69999694824219,122.16999816894531,123.1500015258789,122.5999984741211,628300.0,112.5931396484375,SWK
2017-02-07,123.12000274658203,121.87999725341797,122.87000274658203,122.11000061035156,847700.0,112.14315795898438,SWK
2017-02-08,122.2300033569336,121.08999633789062,121.69000244140625,122.13999938964844,657700.0,112.17070770263672,SWK
2017-02-09,123.41999816894531,122.18000030517578,122.18000030517578,123.08000183105469,489900.0,113.03398132324219,SWK
2017-02-10,124.12000274658203,123.06999969482422,123.51000213623047,123.7300033569336,395100.0,113.63093566894531,SWK
2017-02-13,126.81999969482422,124.55000305175781,124.55000305175781,126.41000366210938,1300800.0,116.0921859741211,SWK
2017-02-14,126.45999908447266,124.8499984741211,126.08999633789062,125.79000091552734,547500.0,115.52278137207031,SWK
2017-02-15,126.9800033569336,125.5,125.66000366210938,126.70999908447266,591400.0,116.36770629882812,SWK
2017-02-16,126.91999816894531,125.58000183105469,126.62000274658203,126.4000015258789,642100.0,116.0829849243164,SWK
2017-02-17,126.69000244140625,125.33000183105469,126.06999969482422,126.6500015258789,486500.0,116.31260681152344,SWK
2017-02-21,127.56999969482422,126.19000244140625,126.58000183105469,127.25,683400.0,116.86363220214844,SWK
2017-02-22,127.70999908447266,126.2699966430664,126.76000213623047,127.29000091552734,674500.0,116.90033721923828,SWK
2017-02-23,127.93000030517578,126.30999755859375,127.55000305175781,127.12000274658203,858700.0,116.7442398071289,SWK
2017-02-24,127.7699966430664,126.05000305175781,126.45999908447266,127.7699966430664,568600.0,117.3411636352539,SWK
2017-02-27,128.3300018310547,126.62999725341797,126.83999633789062,127.62000274658203,703600.0,117.7378921508789,SWK
2017-02-28,127.80999755859375,126.4800033569336,127.27999877929688,127.1500015258789,932200.0,117.30428314208984,SWK
2017-03-01,130.47000122070312,128.8699951171875,129.0,129.3000030517578,999100.0,119.28781127929688,SWK
2017-03-02,129.39999389648438,127.94999694824219,128.63999938964844,128.10000610351562,513600.0,118.18071746826172,SWK
2017-03-03,128.42999267578125,127.11000061035156,128.05999755859375,128.0399932861328,535800.0,118.12535858154297,SWK
2017-03-06,129.64999389648438,127.05000305175781,127.05000305175781,128.55999755859375,743700.0,118.60511016845703,SWK
2017-03-07,128.75999450683594,127.76000213623047,128.35000610351562,127.91000366210938,783700.0,118.00543212890625,SWK
2017-03-08,128.75,127.81999969482422,127.8499984741211,128.27000427246094,617500.0,118.33756256103516,SWK
2017-03-09,128.47000122070312,127.44999694824219,127.91999816894531,127.62999725341797,686200.0,117.74708557128906,SWK
2017-03-10,129.22000122070312,127.80000305175781,128.1300048828125,129.19000244140625,540200.0,119.18630981445312,SWK
2017-03-13,131.19000244140625,129.32000732421875,129.75,130.6999969482422,1560200.0,120.57939147949219,SWK
2017-03-14,130.52999877929688,129.2100067138672,130.11000061035156,129.69000244140625,727100.0,119.64759826660156,SWK
2017-03-15,131.25999450683594,129.61000061035156,130.1699981689453,131.07000732421875,922300.0,120.9207534790039,SWK
2017-03-16,136.89999389648438,130.4600067138672,136.89999389648438,131.13999938964844,883000.0,120.98533630371094,SWK
2017-03-17,132.02000427246094,130.52999877929688,131.4499969482422,131.3300018310547,1739200.0,121.16059875488281,SWK
2017-03-20,132.3300018310547,130.75999450683594,131.55999755859375,131.2100067138672,635400.0,121.04991912841797,SWK
2017-03-21,131.82000732421875,129.35000610351562,131.77000427246094,129.57000732421875,742500.0,119.53690338134766,SWK
2017-03-22,130.97999572753906,128.77999877929688,129.47999572753906,130.60000610351562,815300.0,120.48712158203125,SWK
2017-03-23,131.97999572753906,130.25999450683594,130.69000244140625,131.16000366210938,656300.0,121.00379180908203,SWK
2017-03-24,132.00999450683594,130.22999572753906,131.1999969482422,130.8000030517578,568500.0,120.67164611816406,SWK
2017-03-27,131.27000427246094,128.0800018310547,129.4499969482422,130.80999755859375,687400.0,120.68087768554688,SWK
2017-03-28,132.47999572753906,130.33999633789062,130.58999633789062,132.10000610351562,652300.0,121.87100982666016,SWK
2017-03-29,132.3300018310547,131.3000030517578,131.72000122070312,132.00999450683594,607000.0,121.78793334960938,SWK
2017-03-30,132.99000549316406,131.72999572753906,131.86000061035156,132.63999938964844,483500.0,122.36917877197266,SWK
2017-03-31,133.30999755859375,132.00999450683594,132.35000610351562,132.8699951171875,827200.0,122.5813217163086,SWK
2017-04-03,133.41000366210938,131.41000366210938,133.1199951171875,132.39999389648438,702600.0,122.14775848388672,SWK
2017-04-04,132.63999938964844,131.3800048828125,132.27999877929688,131.94000244140625,926300.0,121.7233657836914,SWK
2017-04-05,133.25,130.75999450683594,132.1199951171875,131.10000610351562,896000.0,120.94841766357422,SWK
2017-04-06,133.1699981689453,131.19000244140625,131.19000244140625,132.41000366210938,850500.0,122.15697479248047,SWK
2017-04-07,133.0,132.0,132.3300018310547,132.27000427246094,705300.0,122.02783203125,SWK
2017-04-10,133.05999755859375,131.66000366210938,132.35000610351562,132.52000427246094,832500.0,122.25843811035156,SWK
2017-04-11,132.8699951171875,131.58999633789062,132.3000030517578,132.5800018310547,715400.0,122.31381225585938,SWK
2017-04-12,133.0500030517578,131.97000122070312,132.72999572753906,132.25999450683594,1127900.0,122.01856994628906,SWK
2017-04-13,132.52000427246094,130.57000732421875,132.08999633789062,130.57000732421875,697900.0,120.45946502685547,SWK
2017-04-17,131.55999755859375,130.07000732421875,130.88999938964844,131.1699981689453,1350700.0,121.0129623413086,SWK
2017-04-18,131.42999267578125,130.0399932861328,130.69000244140625,131.2100067138672,938500.0,121.04991912841797,SWK
2017-04-19,132.94000244140625,130.66000366210938,131.88999938964844,131.0500030517578,965400.0,120.90228271484375,SWK
2017-04-20,132.92999267578125,131.27000427246094,131.72999572753906,132.7100067138672,1060800.0,122.43376922607422,SWK
2017-04-21,137.89999389648438,134.0,136.94000244140625,137.55999755859375,2897200.0,126.908203125,SWK
2017-04-24,140.05999755859375,136.4600067138672,138.97000122070312,137.41000366210938,2049000.0,126.76981353759766,SWK
2017-04-25,138.66000366210938,136.69000244140625,137.8800048828125,136.8699951171875,1189900.0,126.27162170410156,SWK
2017-04-26,137.44000244140625,135.6999969482422,137.0800018310547,136.30999755859375,1229600.0,125.75497436523438,SWK
2017-04-27,137.39999389648438,135.7899932861328,136.17999267578125,137.35000610351562,1022900.0,126.7145004272461,SWK
2017-04-28,137.50999450683594,135.99000549316406,137.1699981689453,136.14999389648438,1421800.0,125.60735321044922,SWK
2017-05-01,136.72999572753906,135.32000732421875,136.02999877929688,136.11000061035156,807800.0,125.57048797607422,SWK
2017-05-02,137.24000549316406,135.80999755859375,136.6199951171875,136.99000549316406,895800.0,126.38233184814453,SWK
2017-05-03,137.30999755859375,136.0500030517578,136.91000366210938,136.27999877929688,633800.0,125.72731018066406,SWK
2017-05-04,138.35000610351562,136.22000122070312,136.22999572753906,138.17999267578125,1459500.0,127.48016357421875,SWK
2017-05-05,139.08999633789062,138.30999755859375,138.30999755859375,138.61000061035156,906000.0,127.87690734863281,SWK
2017-05-08,138.99000549316406,137.75,138.27999877929688,138.66000366210938,770400.0,127.92301940917969,SWK
2017-05-09,139.25999450683594,138.42999267578125,138.72000122070312,138.85000610351562,523100.0,128.09829711914062,SWK
2017-05-10,139.6199951171875,138.52000427246094,138.89999389648438,139.0800018310547,1040500.0,128.31048583984375,SWK
2017-05-11,138.27000427246094,135.3699951171875,137.4499969482422,138.10000610351562,1753400.0,127.40640258789062,SWK
2017-05-12,139.4199981689453,136.8000030517578,139.36000061035156,136.99000549316406,2173400.0,126.38233184814453,SWK
2017-05-15,137.61000061035156,136.52000427246094,136.99000549316406,137.42999267578125,1133900.0,126.7882308959961,SWK
2017-05-16,137.83999633789062,136.27999877929688,137.83999633789062,136.94000244140625,936900.0,126.336181640625,SWK
2017-05-17,136.94000244140625,134.30999755859375,136.94000244140625,134.44000244140625,1278000.0,124.02976989746094,SWK
2017-05-18,135.5,133.25,134.52000427246094,134.97000122070312,1288400.0,124.51872253417969,SWK
2017-05-19,137.24000549316406,135.00999450683594,135.07000732421875,136.5500030517578,1220800.0,125.97639465332031,SWK
2017-05-22,137.3000030517578,135.6999969482422,136.75,136.3300018310547,843900.0,125.77342987060547,SWK
2017-05-23,136.57000732421875,135.0800018310547,136.27000427246094,135.3800048828125,895600.0,124.8969955444336,SWK
2017-05-24,136.2899932861328,135.07000732421875,135.35000610351562,136.17999267578125,977800.0,125.63504791259766,SWK
2017-05-25,136.72000122070312,135.92999267578125,136.4499969482422,136.35000610351562,569800.0,125.7918930053711,SWK
2017-05-26,137.02000427246094,136.0,136.02999877929688,136.7899932861328,829700.0,126.19782257080078,SWK
2017-05-30,137.13999938964844,135.7899932861328,136.32000732421875,136.88999938964844,1527500.0,126.29006958007812,SWK
2017-05-31,137.9600067138672,136.25,136.8699951171875,137.63999938964844,1554300.0,126.98199462890625,SWK
2017-06-01,138.94000244140625,137.63999938964844,138.16000366210938,138.82000732421875,994700.0,128.07064819335938,SWK
2017-06-02,139.9499969482422,138.6699981689453,138.9499969482422,139.25,891400.0,128.4673309326172,SWK
2017-06-05,139.27999877929688,138.2899932861328,138.58999633789062,138.41000366210938,990800.0,128.2264404296875,SWK
2017-06-06,137.8300018310547,136.82000732421875,137.8300018310547,136.85000610351562,952300.0,126.78121948242188,SWK
2017-06-07,137.69000244140625,136.72000122070312,137.08999633789062,137.66000366210938,775000.0,127.5316390991211,SWK
2017-06-08,137.9600067138672,136.97999572753906,137.66000366210938,137.91000366210938,869800.0,127.76322174072266,SWK
2017-06-09,140.24000549316406,137.97000122070312,138.00999450683594,139.99000549316406,1127900.0,129.69020080566406,SWK
2017-06-12,140.1699981689453,138.64999389648438,139.49000549316406,138.6699981689453,900200.0,128.46731567382812,SWK
2017-06-13,141.8800048828125,138.86000061035156,138.86000061035156,141.5800018310547,1105800.0,131.1632537841797,SWK
2017-06-14,142.05999755859375,141.1199951171875,141.88999938964844,141.5800018310547,1188600.0,131.1632537841797,SWK
2017-06-15,141.27000427246094,139.92999267578125,140.4600067138672,140.9600067138672,876400.0,130.58883666992188,SWK
2017-06-16,141.75999450683594,140.33999633789062,141.25999450683594,141.2100067138672,1043900.0,130.82044982910156,SWK
2017-06-19,142.22999572753906,141.0,141.92999267578125,142.11000061035156,968100.0,131.65423583984375,SWK
2017-06-20,143.5399932861328,141.11000061035156,141.4600067138672,142.88999938964844,1122500.0,132.37684631347656,SWK
2017-06-21,143.85000610351562,142.49000549316406,143.33999633789062,142.89999389648438,1014100.0,132.38607788085938,SWK
2017-06-22,143.11000061035156,142.02000427246094,142.67999267578125,142.13999938964844,845000.0,131.68202209472656,SWK
2017-06-23,143.10000610351562,141.82000732421875,142.2899932861328,143.0500030517578,975500.0,132.52508544921875,SWK
2017-06-26,143.64999389648438,142.44000244140625,142.94000244140625,142.47999572753906,758000.0,131.9969940185547,SWK
2017-06-27,143.36000061035156,140.49000549316406,142.7100067138672,140.49000549316406,1258800.0,130.15342712402344,SWK
2017-06-28,142.5,140.72999572753906,141.00999450683594,141.42999267578125,1001000.0,131.02427673339844,SWK
2017-06-29,141.49000549316406,138.6999969482422,141.49000549316406,139.6300048828125,1011900.0,129.35671997070312,SWK
2017-06-30,141.39999389648438,139.9600067138672,140.05999755859375,140.72999572753906,1164300.0,130.37576293945312,SWK
2017-07-03,142.42999267578125,140.8699951171875,141.32000732421875,141.77999877929688,763500.0,131.34849548339844,SWK
2017-07-05,143.08999633789062,141.7899932861328,142.0,143.02000427246094,953600.0,132.49728393554688,SWK
2017-07-06,142.7899932861328,141.94000244140625,142.67999267578125,142.2899932861328,848500.0,131.8209686279297,SWK
2017-07-07,145.97999572753906,142.5,142.8300018310547,144.91000366210938,1210700.0,134.24819946289062,SWK
2017-07-10,146.50999450683594,144.4600067138672,144.8800048828125,145.8800048828125,892600.0,135.14686584472656,SWK
2017-07-11,146.1300048828125,144.86000061035156,146.0399932861328,145.22999572753906,696700.0,134.54464721679688,SWK
2017-07-12,146.91000366210938,145.42999267578125,145.42999267578125,146.17999267578125,625800.0,135.42478942871094,SWK
2017-07-13,146.83999633789062,146.16000366210938,146.4600067138672,146.3699951171875,594600.0,135.60079956054688,SWK
2017-07-14,146.85000610351562,145.60000610351562,146.58999633789062,146.24000549316406,713500.0,135.48037719726562,SWK
2017-07-17,147.07000732421875,146.1199951171875,146.3300018310547,146.64999389648438,552300.0,135.8601837158203,SWK
2017-07-18,146.9600067138672,145.92999267578125,146.39999389648438,146.25,623100.0,135.4896240234375,SWK
2017-07-19,148.0,146.44000244140625,146.99000549316406,147.8000030517578,780400.0,136.92555236816406,SWK
2017-07-20,148.32000732421875,146.32000732421875,147.77999877929688,146.66000366210938,999900.0,135.86944580078125,SWK
2017-07-21,147.02999877929688,145.75999450683594,146.0500030517578,146.7899932861328,1273900.0,135.98989868164062,SWK
2017-07-24,146.19000244140625,139.35000610351562,145.75,143.6999969482422,3167400.0,133.12725830078125,SWK
2017-07-25,144.24000549316406,141.6199951171875,143.92999267578125,142.25,1829900.0,131.783935546875,SWK
2017-07-26,142.5800018310547,140.05999755859375,142.4600067138672,140.27999877929688,1247700.0,129.9588623046875,SWK
2017-07-27,141.38999938964844,139.60000610351562,140.39999389648438,141.13999938964844,1152600.0,130.75559997558594,SWK
2017-07-28,141.25999450683594,139.5500030517578,141.0,139.8800048828125,919100.0,129.5883026123047,SWK
2017-07-31,141.0500030517578,139.60000610351562,140.22000122070312,140.69000244140625,987100.0,130.3386993408203,SWK
2017-08-01,141.6699981689453,139.2899932861328,141.36000061035156,139.47000122070312,994400.0,129.20848083496094,SWK
2017-08-02,141.7100067138672,139.44000244140625,139.44000244140625,141.6199951171875,893400.0,131.2002410888672,SWK
2017-08-03,142.35000610351562,140.24000549316406,141.58999633789062,142.27000427246094,1096200.0,131.80247497558594,SWK
2017-08-04,142.72999572753906,141.67999267578125,142.60000610351562,142.35000610351562,743600.0,131.87657165527344,SWK
2017-08-07,142.27999877929688,141.38999938964844,141.77999877929688,142.1300048828125,650700.0,131.67276000976562,SWK
2017-08-08,142.5,140.63999938964844,142.02999877929688,140.9600067138672,636500.0,130.58883666992188,SWK
2017-08-09,140.92999267578125,139.7100067138672,140.4199981689453,140.33999633789062,910600.0,130.01446533203125,SWK
2017-08-10,140.17999267578125,138.27000427246094,140.11000061035156,138.3000030517578,919900.0,128.12454223632812,SWK
2017-08-11,139.67999267578125,138.1199951171875,138.55999755859375,139.14999389648438,903800.0,128.91201782226562,SWK
2017-08-14,141.27999877929688,139.58999633789062,140.16000366210938,140.75,679200.0,130.39427185058594,SWK
2017-08-15,141.35000610351562,139.3800048828125,141.0,139.4199981689453,864000.0,129.16212463378906,SWK
2017-08-16,140.75999450683594,139.0,139.47999572753906,140.66000366210938,878900.0,130.3109588623047,SWK
2017-08-17,141.36000061035156,137.91000366210938,140.22999572753906,138.1199951171875,741700.0,127.95777893066406,SWK
2017-08-18,138.33999633789062,136.4600067138672,137.58999633789062,137.5,1526500.0,127.3833999633789,SWK
2017-08-21,137.9600067138672,136.3300018310547,137.4499969482422,137.07000732421875,551000.0,126.98503875732422,SWK
2017-08-22,138.88999938964844,137.4499969482422,137.57000732421875,138.7100067138672,700000.0,128.50440979003906,SWK
2017-08-23,138.42999267578125,137.0,138.22999572753906,137.13999938964844,596500.0,127.0499267578125,SWK
2017-08-24,138.14999389648438,136.63999938964844,137.39999389648438,137.16000366210938,547900.0,127.06840515136719,SWK
2017-08-25,139.17999267578125,137.77999877929688,137.82000732421875,138.8300018310547,636300.0,128.61553955078125,SWK
2017-08-28,139.3000030517578,137.9600067138672,138.9499969482422,138.6699981689453,702900.0,128.46731567382812,SWK
2017-08-29,139.2899932861328,137.75,138.2100067138672,139.00999450683594,611500.0,128.7823028564453,SWK
2017-08-30,139.97000122070312,138.1199951171875,138.25,139.77999877929688,693600.0,130.08518981933594,SWK
2017-08-31,144.24000549316406,140.5,140.72000122070312,144.0,1705300.0,134.0125274658203,SWK
2017-09-01,145.8699951171875,142.6199951171875,144.50999450683594,142.63999938964844,934400.0,132.74684143066406,SWK
2017-09-05,143.0,141.1699981689453,142.17999267578125,141.6999969482422,862600.0,131.87203979492188,SWK
2017-09-06,142.75999450683594,141.61000061035156,142.0,142.52999877929688,920300.0,132.6444854736328,SWK
2017-09-07,144.74000549316406,141.83999633789062,142.83999633789062,144.67999267578125,1027200.0,134.64532470703125,SWK
2017-09-08,148.13999938964844,144.5399932861328,144.60000610351562,147.0500030517578,1458600.0,136.85098266601562,SWK
2017-09-11,148.05999755859375,146.0,147.0,147.4600067138672,1200100.0,137.23255920410156,SWK
2017-09-12,148.1699981689453,147.13999938964844,147.88999938964844,147.5,776700.0,137.26976013183594,SWK
2017-09-13,148.36000061035156,146.83999633789062,147.22000122070312,147.02999877929688,1254000.0,136.83238220214844,SWK
2017-09-14,148.2100067138672,146.25999450683594,146.8800048828125,147.72000122070312,871500.0,137.47451782226562,SWK
2017-09-15,148.33999633789062,146.8800048828125,147.60000610351562,148.0399932861328,1231200.0,137.77230834960938,SWK
2017-09-18,149.8300018310547,148.25,148.5,149.80999755859375,817900.0,139.41954040527344,SWK
2017-09-19,151.3800048828125,149.74000549316406,150.0,151.25,1164300.0,140.75967407226562,SWK
2017-09-20,152.36000061035156,150.77999877929688,151.16000366210938,152.3000030517578,1021200.0,141.73687744140625,SWK
2017-09-21,152.42999267578125,151.67999267578125,152.17999267578125,151.97000122070312,611100.0,141.42974853515625,SWK
2017-09-22,151.94000244140625,150.9600067138672,151.94000244140625,151.22000122070312,745500.0,140.73175048828125,SWK
2017-09-25,151.6999969482422,150.3300018310547,151.25,150.39999389648438,732600.0,139.96865844726562,SWK
2017-09-26,150.83999633789062,148.89999389648438,150.67999267578125,149.02000427246094,1207800.0,138.68435668945312,SWK
2017-09-27,149.97999572753906,148.35000610351562,149.63999938964844,148.64999389648438,1215100.0,138.3400115966797,SWK
2017-09-28,149.55999755859375,147.8000030517578,148.4600067138672,149.52000427246094,1156000.0,139.14968872070312,SWK
2017-09-29,151.22000122070312,149.36000061035156,149.74000549316406,150.97000122070312,684000.0,140.49911499023438,SWK
2017-10-02,155.0,151.8000030517578,152.3800048828125,154.52999877929688,1220400.0,143.81219482421875,SWK
2017-10-03,155.5800018310547,153.9600067138672,154.6699981689453,155.42999267578125,939400.0,144.64976501464844,SWK
2017-10-04,157.25,155.2100067138672,155.41000366210938,156.7100067138672,940300.0,145.8410186767578,SWK
2017-10-05,157.67999267578125,155.17999267578125,157.02999877929688,156.1300048828125,1142900.0,145.30120849609375,SWK
2017-10-06,156.3300018310547,154.55999755859375,155.49000549316406,155.49000549316406,1039700.0,144.70562744140625,SWK
2017-10-09,157.0500030517578,155.50999450683594,156.1300048828125,156.6699981689453,604500.0,145.80374145507812,SWK
2017-10-10,156.86000061035156,155.11000061035156,156.86000061035156,155.82000732421875,498000.0,145.0127410888672,SWK
2017-10-11,156.86000061035156,155.1199951171875,156.0399932861328,156.49000549316406,656200.0,145.63629150390625,SWK
2017-10-12,158.3699951171875,156.50999450683594,156.6300048828125,158.27999877929688,680100.0,147.30210876464844,SWK
2017-10-13,159.7899932861328,158.55999755859375,159.2100067138672,158.7100067138672,1286500.0,147.70225524902344,SWK
2017-10-16,159.41000366210938,158.39999389648438,158.97999572753906,158.64999389648438,648600.0,147.6464080810547,SWK
2017-10-17,158.61000061035156,156.5500030517578,158.58999633789062,156.63999938964844,655400.0,145.77584838867188,SWK
2017-10-18,158.25999450683594,156.77999877929688,157.83999633789062,156.85000610351562,812900.0,145.9712677001953,SWK
2017-10-19,157.8000030517578,156.0800018310547,156.8699951171875,157.16000366210938,761000.0,146.25978088378906,SWK
2017-10-20,160.14999389648438,157.24000549316406,158.07000732421875,160.1199951171875,1070500.0,149.0144500732422,SWK
2017-10-23,160.19000244140625,158.02999877929688,160.19000244140625,158.19000244140625,1155400.0,147.2183380126953,SWK
2017-10-24,166.6999969482422,163.02999877929688,165.0,165.74000549316406,2325800.0,154.2446746826172,SWK
2017-10-25,165.11000061035156,162.0500030517578,165.0,163.52999877929688,1126500.0,152.18798828125,SWK
2017-10-26,165.61000061035156,164.32000732421875,164.89999389648438,164.6999969482422,949600.0,153.27682495117188,SWK
2017-10-27,165.05999755859375,163.2899932861328,164.97999572753906,164.7100067138672,619400.0,153.28611755371094,SWK
2017-10-30,164.58999633789062,161.47999572753906,164.38999938964844,161.6300048828125,961100.0,150.4197540283203,SWK
2017-10-31,163.25999450683594,161.36000061035156,162.52000427246094,161.5500030517578,1263400.0,150.34524536132812,SWK
2017-11-01,162.5399932861328,160.6199951171875,162.0800018310547,161.0399932861328,959200.0,149.8706817626953,SWK
2017-11-02,162.55999755859375,160.4499969482422,161.66000366210938,161.80999755859375,930500.0,150.5872344970703,SWK
2017-11-03,163.3800048828125,161.6699981689453,162.25999450683594,163.1300048828125,866200.0,151.8157196044922,SWK
2017-11-06,163.99000549316406,162.85000610351562,162.9600067138672,163.55999755859375,1504300.0,152.2158660888672,SWK
2017-11-07,168.25,164.2899932861328,165.19000244140625,165.1999969482422,1606600.0,153.74212646484375,SWK
2017-11-08,166.3800048828125,164.0399932861328,164.22999572753906,165.72000122070312,1062300.0,154.22608947753906,SWK
2017-11-09,164.57000732421875,161.8300018310547,164.19000244140625,162.85000610351562,742500.0,151.55516052246094,SWK
2017-11-10,164.3300018310547,161.77000427246094,161.77000427246094,162.97000122070312,632100.0,151.6668243408203,SWK
2017-11-13,164.07000732421875,161.75999450683594,162.07000732421875,163.97000122070312,609800.0,152.5974884033203,SWK
2017-11-14,164.6699981689453,163.3000030517578,163.5800018310547,164.11000061035156,921500.0,152.7277374267578,SWK
2017-11-15,163.8699951171875,161.94000244140625,163.0800018310547,163.44000244140625,643400.0,152.10423278808594,SWK
2017-11-16,164.4499969482422,162.8800048828125,163.49000549316406,162.99000549316406,939800.0,151.6854248046875,SWK
2017-11-17,164.35000610351562,162.19000244140625,162.97999572753906,163.27000427246094,825800.0,151.94598388671875,SWK
2017-11-20,164.64999389648438,163.3699951171875,163.75999450683594,164.50999450683594,650100.0,153.0999755859375,SWK
2017-11-21,166.2899932861328,164.77999877929688,165.3000030517578,165.99000549316406,664800.0,154.4773712158203,SWK
2017-11-22,166.9499969482422,165.5399932861328,166.19000244140625,165.99000549316406,659900.0,154.4773712158203,SWK
2017-11-24,166.7100067138672,165.5800018310547,166.47999572753906,165.99000549316406,228200.0,154.4773712158203,SWK
2017-11-27,166.6999969482422,165.67999267578125,166.27999877929688,165.88999938964844,613900.0,154.38427734375,SWK
2017-11-28,169.19000244140625,165.86000061035156,166.0,169.10000610351562,847100.0,157.3716583251953,SWK
2017-11-29,169.22999572753906,166.8300018310547,169.17999267578125,167.61000061035156,1046100.0,155.98495483398438,SWK
2017-11-30,169.86000061035156,167.00999450683594,167.5399932861328,169.6300048828125,1187000.0,158.4604949951172,SWK
2017-12-01,170.3300018310547,166.13999938964844,169.44000244140625,168.72999572753906,879400.0,157.6197509765625,SWK
2017-12-04,170.89999389648438,169.1999969482422,169.8000030517578,169.80999755859375,1296200.0,158.62863159179688,SWK
2017-12-05,170.49000549316406,168.22000122070312,169.58999633789062,168.33999633789062,1152100.0,157.25546264648438,SWK
2017-12-06,169.00999450683594,167.49000549316406,168.69000244140625,168.47000122070312,584300.0,157.37686157226562,SWK
2017-12-07,169.66000366210938,167.89999389648438,168.24000549316406,168.36000061035156,931600.0,157.27410888671875,SWK
2017-12-08,169.27000427246094,166.5800018310547,169.27000427246094,167.66000366210938,1094800.0,156.6202392578125,SWK
2017-12-11,167.9499969482422,166.77999877929688,167.82000732421875,166.89999389648438,837400.0,155.9102783203125,SWK
2017-12-12,168.00999450683594,165.80999755859375,166.8699951171875,165.9499969482422,842500.0,155.0227813720703,SWK
2017-12-13,167.25,165.72999572753906,165.9499969482422,166.0500030517578,986800.0,155.11622619628906,SWK
2017-12-14,166.8800048828125,164.88999938964844,166.5,164.94000244140625,661300.0,154.07933044433594,SWK
2017-12-15,167.00999450683594,165.52000427246094,165.97000122070312,165.7100067138672,1267200.0,154.79859924316406,SWK
2017-12-18,168.0800018310547,165.61000061035156,166.75,167.61000061035156,1124400.0,156.573486328125,SWK
2017-12-19,169.0500030517578,166.97999572753906,167.8000030517578,168.64999389648438,1002500.0,157.54502868652344,SWK
2017-12-20,169.5800018310547,168.64999389648438,169.44000244140625,169.00999450683594,862600.0,157.8813018798828,SWK
2017-12-21,169.49000549316406,168.22999572753906,169.49000549316406,169.05999755859375,469100.0,157.92800903320312,SWK
2017-12-22,169.67999267578125,167.22000122070312,169.41000366210938,167.4600067138672,501100.0,156.43333435058594,SWK
2017-12-26,168.39999389648438,167.36000061035156,168.00999450683594,167.80999755859375,523700.0,156.7603302001953,SWK
2017-12-27,169.1999969482422,168.0,168.0500030517578,168.67999267578125,362100.0,157.57305908203125,SWK
2017-12-28,170.07000732421875,168.49000549316406,169.52999877929688,170.02999877929688,534700.0,158.83416748046875,SWK
2017-12-29,170.80999755859375,169.69000244140625,170.2100067138672,169.69000244140625,555800.0,158.51657104492188,SWK
2018-01-02,170.69000244140625,168.05999755859375,170.52000427246094,168.50999450683594,875300.0,157.41424560546875,SWK
2018-01-03,169.27000427246094,167.02999877929688,168.0,169.1300048828125,838200.0,157.99343872070312,SWK
2018-01-04,171.17999267578125,169.3699951171875,169.44000244140625,169.7899932861328,840100.0,158.6099853515625,SWK
2018-01-05,171.02999877929688,169.16000366210938,170.35000610351562,170.5800018310547,1536500.0,159.3479461669922,SWK
2018-01-08,172.8800048828125,170.25,170.4199981689453,172.66000366210938,808900.0,161.2909698486328,SWK
2018-01-09,174.8699951171875,173.05999755859375,173.22999572753906,173.61000061035156,671900.0,162.1784210205078,SWK
2018-01-10,173.52000427246094,170.57000732421875,173.19000244140625,171.0399932861328,772500.0,159.7776641845703,SWK
2018-01-11,172.5800018310547,171.0399932861328,171.72000122070312,172.52999877929688,467100.0,161.16952514648438,SWK
2018-01-12,173.9499969482422,172.55999755859375,173.33999633789062,173.4199981689453,590800.0,162.0009307861328,SWK
2018-01-16,174.39999389648438,170.47999572753906,174.39999389648438,171.00999450683594,866300.0,159.74960327148438,SWK
2018-01-17,174.1199951171875,171.74000549316406,171.99000549316406,173.75999450683594,878000.0,162.31854248046875,SWK
2018-01-18,175.72000122070312,173.97999572753906,174.27999877929688,174.75,851000.0,163.24337768554688,SWK
2018-01-19,176.27000427246094,175.02000427246094,175.60000610351562,175.91000366210938,1095500.0,164.32699584960938,SWK
2018-01-22,176.6199951171875,173.3000030517578,176.0500030517578,175.22999572753906,880400.0,163.69175720214844,SWK
2018-01-23,176.24000549316406,173.13999938964844,176.08999633789062,173.88999938964844,1443900.0,162.4400177001953,SWK
2018-01-24,175.88999938964844,170.3699951171875,174.52000427246094,170.58999633789062,2200700.0,159.35726928710938,SWK
2018-01-25,171.02999877929688,167.27000427246094,170.8699951171875,169.16000366210938,2027900.0,158.02145385742188,SWK
2018-01-26,170.9600067138672,169.27000427246094,169.63999938964844,169.72000122070312,1754000.0,158.5445556640625,SWK
2018-01-29,169.75,167.66000366210938,169.30999755859375,168.5,1199400.0,157.40487670898438,SWK
2018-01-30,168.30999755859375,166.1999969482422,167.69000244140625,166.36000061035156,1079400.0,155.4058074951172,SWK
2018-01-31,167.99000549316406,165.6999969482422,167.41000366210938,166.22999572753906,1483700.0,155.28436279296875,SWK
2018-02-01,167.75999450683594,164.1199951171875,165.02000427246094,166.77000427246094,1296700.0,155.78884887695312,SWK
2018-02-02,166.16000366210938,163.14999389648438,166.16000366210938,163.83999633789062,1309300.0,153.0517578125,SWK
2018-02-05,164.6699981689453,157.6300048828125,163.41000366210938,158.14999389648438,2073000.0,147.7364044189453,SWK
2018-02-06,161.99000549316406,153.75,155.52999877929688,161.6199951171875,1902900.0,150.97793579101562,SWK
2018-02-07,163.02999877929688,159.64999389648438,161.66000366210938,159.74000549316406,1305000.0,149.22171020507812,SWK
2018-02-08,159.77000427246094,152.6999969482422,159.5,152.86000061035156,1889500.0,142.79473876953125,SWK
2018-02-09,155.4499969482422,149.3699951171875,154.4499969482422,154.22999572753906,2035200.0,144.07449340820312,SWK
2018-02-12,159.24000549316406,154.6999969482422,155.1300048828125,158.0399932861328,1254500.0,147.63365173339844,SWK
2018-02-13,157.92999267578125,156.13999938964844,157.3300018310547,157.07000732421875,926300.0,146.72755432128906,SWK
2018-02-14,159.5800018310547,155.9199981689453,156.30999755859375,159.27000427246094,1143100.0,148.78265380859375,SWK
2018-02-15,160.89999389648438,159.08999633789062,160.77999877929688,160.1300048828125,956000.0,149.58602905273438,SWK
2018-02-16,161.35000610351562,159.25,159.9499969482422,159.77000427246094,1084700.0,149.249755859375,SWK
2018-02-20,160.22999572753906,158.49000549316406,158.91000366210938,159.2100067138672,923700.0,148.72659301757812,SWK
2018-02-21,162.72999572753906,158.92999267578125,158.92999267578125,160.33999633789062,1176400.0,149.7822265625,SWK
2018-02-22,162.02999877929688,159.2899932861328,160.83999633789062,159.75,651100.0,149.23104858398438,SWK
2018-02-23,161.0399932861328,158.80999755859375,160.72999572753906,160.94000244140625,897400.0,150.3427276611328,SWK
2018-02-26,163.42999267578125,160.85000610351562,160.85000610351562,163.0,876100.0,152.2670440673828,SWK
2018-02-27,164.94000244140625,161.63999938964844,162.9199981689453,161.64999389648438,962900.0,151.00595092773438,SWK
2018-02-28,162.85000610351562,159.05999755859375,162.85000610351562,159.19000244140625,1113600.0,148.70794677734375,SWK
2018-03-01,160.19000244140625,152.80999755859375,159.02999877929688,152.9499969482422,1881700.0,142.87879943847656,SWK
2018-03-02,153.27000427246094,149.75,151.86000061035156,152.55999755859375,1540600.0,142.5144500732422,SWK
2018-03-05,152.97999572753906,149.94000244140625,151.44000244140625,152.22000122070312,1868800.0,142.19688415527344,SWK
2018-03-06,153.97999572753906,151.5,152.92999267578125,153.49000549316406,1710900.0,143.3832550048828,SWK
2018-03-07,157.55999755859375,150.9600067138672,151.9600067138672,156.6300048828125,1785400.0,146.3165283203125,SWK
2018-03-08,157.47000122070312,155.61000061035156,156.64999389648438,156.9199981689453,904100.0,147.17938232421875,SWK
2018-03-09,160.50999450683594,157.3699951171875,157.75,159.97999572753906,1613800.0,150.0494384765625,SWK
2018-03-12,160.35000610351562,157.2899932861328,160.35000610351562,157.82000732421875,1085500.0,148.02352905273438,SWK
2018-03-13,159.19000244140625,156.08999633789062,157.88999938964844,156.6300048828125,1042000.0,146.90737915039062,SWK
2018-03-14,159.14999389648438,156.0500030517578,157.91000366210938,156.80999755859375,962600.0,147.07623291015625,SWK
2018-03-15,158.24000549316406,156.50999450683594,157.24000549316406,157.80999755859375,808000.0,148.01414489746094,SWK
2018-03-16,159.49000549316406,156.9499969482422,157.89999389648438,159.0399932861328,1496800.0,149.16773986816406,SWK
2018-03-19,158.85000610351562,154.61000061035156,158.58999633789062,157.35000610351562,1113800.0,147.58267211914062,SWK
2018-03-20,159.25999450683594,157.11000061035156,157.58999633789062,158.52999877929688,1029900.0,148.68943786621094,SWK
2018-03-21,161.91000366210938,158.33999633789062,158.50999450683594,160.24000549316406,1389100.0,150.29330444335938,SWK
2018-03-22,159.3300018310547,154.02000427246094,158.4600067138672,154.4600067138672,1086100.0,144.87208557128906,SWK
2018-03-23,155.74000549316406,151.07000732421875,154.75,151.30999755859375,997400.0,141.91761779785156,SWK
2018-03-26,156.8000030517578,152.9499969482422,153.5800018310547,156.47999572753906,1037800.0,146.76670837402344,SWK
2018-03-27,156.60000610351562,151.60000610351562,156.5399932861328,152.39999389648438,1112500.0,142.93992614746094,SWK
2018-03-28,152.7899932861328,150.16000366210938,152.00999450683594,150.83999633789062,1185300.0,141.47682189941406,SWK
2018-03-29,155.00999450683594,151.4499969482422,152.0500030517578,153.1999969482422,1062000.0,143.69033813476562,SWK
2018-04-02,153.38999938964844,148.30999755859375,153.17999267578125,150.27000427246094,1201400.0,140.9421844482422,SWK
2018-04-03,151.83999633789062,149.24000549316406,150.9199981689453,151.7899932861328,1152900.0,142.3677978515625,SWK
2018-04-04,154.3699951171875,147.50999450683594,148.85000610351562,153.8699951171875,1202200.0,144.31874084472656,SWK
2018-04-05,155.47000122070312,153.33999633789062,154.92999267578125,154.2899932861328,895900.0,144.712646484375,SWK
2018-04-06,153.97000122070312,147.4600067138672,152.88999938964844,149.6699981689453,1194900.0,140.37939453125,SWK
2018-04-09,152.32000732421875,149.17999267578125,150.88999938964844,149.52999877929688,656600.0,140.24810791015625,SWK
2018-04-10,153.75999450683594,150.99000549316406,151.36000061035156,151.80999755859375,1075900.0,142.3865966796875,SWK
2018-04-11,151.58999633789062,149.85000610351562,150.30999755859375,150.6999969482422,867500.0,141.34548950195312,SWK
2018-04-12,152.66000366210938,151.05999755859375,151.49000549316406,151.27000427246094,979600.0,141.88011169433594,SWK
2018-04-13,152.6300048828125,151.11000061035156,152.4199981689453,151.86000061035156,622000.0,142.43348693847656,SWK
2018-04-16,154.0399932861328,152.05999755859375,153.10000610351562,153.13999938964844,786100.0,143.634033203125,SWK
2018-04-17,155.67999267578125,153.6699981689453,153.97000122070312,154.83999633789062,1600500.0,145.22850036621094,SWK
2018-04-18,158.47000122070312,155.08999633789062,155.6300048828125,157.3800048828125,1186300.0,147.61085510253906,SWK
2018-04-19,157.75999450683594,152.61000061035156,157.35000610351562,154.57000732421875,2012000.0,144.9752655029297,SWK
2018-04-20,150.11000061035156,143.60000610351562,148.7899932861328,144.2100067138672,3442300.0,135.2583465576172,SWK
2018-04-23,144.8699951171875,141.4600067138672,144.0,142.4600067138672,2894000.0,133.6169891357422,SWK
2018-04-24,145.49000549316406,139.13999938964844,143.41000366210938,141.61000061035156,3423400.0,132.8197021484375,SWK
2018-04-25,143.6300048828125,140.25,141.36000061035156,143.2100067138672,2217200.0,134.32041931152344,SWK
2018-04-26,144.72999572753906,141.25999450683594,143.24000549316406,144.0399932861328,2106100.0,135.09890747070312,SWK
2018-04-27,145.10000610351562,142.3000030517578,143.89999389648438,144.5500030517578,1637700.0,135.57723999023438,SWK
2018-04-30,145.3300018310547,141.3000030517578,145.3300018310547,141.58999633789062,1658500.0,132.8009796142578,SWK
2018-05-01,140.88999938964844,137.52000427246094,140.27999877929688,140.63999938964844,2166300.0,131.90997314453125,SWK
2018-05-02,141.47000122070312,139.5500030517578,140.4199981689453,139.6999969482422,1185600.0,131.0283203125,SWK
2018-05-03,140.1999969482422,137.80999755859375,139.13999938964844,139.35000610351562,984300.0,130.7000274658203,SWK
2018-05-04,140.8800048828125,137.9499969482422,138.67999267578125,140.35000610351562,1076100.0,131.637939453125,SWK
2018-05-07,141.02000427246094,138.94000244140625,140.9499969482422,139.1300048828125,1413000.0,130.49371337890625,SWK
2018-05-08,140.91000366210938,138.60000610351562,139.30999755859375,140.85000610351562,1349700.0,132.10693359375,SWK
2018-05-09,142.0399932861328,139.85000610351562,141.1300048828125,141.9199981689453,1121100.0,133.11050415039062,SWK
2018-05-10,143.4199981689453,141.83999633789062,142.82000732421875,143.13999938964844,1159900.0,134.25477600097656,SWK
2018-05-11,143.82000732421875,142.30999755859375,142.9199981689453,143.6999969482422,564600.0,134.78001403808594,SWK
2018-05-14,144.47999572753906,142.72000122070312,144.0,143.4600067138672,628200.0,134.55491638183594,SWK
2018-05-15,142.89999389648438,141.64999389648438,142.88999938964844,142.17999267578125,878300.0,133.3543701171875,SWK
2018-05-16,143.11000061035156,141.17999267578125,142.49000549316406,141.41000366210938,941000.0,132.63217163085938,SWK
2018-05-17,143.2899932861328,140.8699951171875,141.3699951171875,143.16000366210938,1015100.0,134.2735137939453,SWK
2018-05-18,145.52000427246094,143.16000366210938,143.16000366210938,144.82000732421875,2113000.0,135.8304901123047,SWK
2018-05-21,148.8800048828125,145.60000610351562,145.77000427246094,148.07000732421875,1552100.0,138.87875366210938,SWK
2018-05-22,148.47999572753906,147.27999877929688,148.02000427246094,147.5399932861328,1045500.0,138.38162231445312,SWK
2018-05-23,146.72999572753906,145.17999267578125,146.5500030517578,146.7100067138672,1210700.0,137.60313415527344,SWK
2018-05-24,146.69000244140625,144.33999633789062,146.25,146.3699951171875,869200.0,137.2842559814453,SWK
2018-05-25,146.75999450683594,144.3000030517578,145.66000366210938,146.63999938964844,1405200.0,137.53750610351562,SWK
2018-05-29,145.85000610351562,141.5399932861328,145.13999938964844,142.36000061035156,1090600.0,133.52317810058594,SWK
2018-05-30,144.4199981689453,142.7100067138672,143.05999755859375,144.02000427246094,744000.0,135.08013916015625,SWK
2018-05-31,144.2100067138672,139.2100067138672,144.2100067138672,139.24000549316406,1545800.0,130.59689331054688,SWK
2018-06-01,142.80999755859375,140.33999633789062,140.52999877929688,141.5800018310547,887400.0,132.79161071777344,SWK
2018-06-04,142.75999450683594,140.92999267578125,142.3800048828125,142.08999633789062,1033800.0,133.26995849609375,SWK
2018-06-05,142.64999389648438,141.1199951171875,141.4600067138672,141.77999877929688,1109100.0,133.5714111328125,SWK
2018-06-06,142.88999938964844,141.33999633789062,142.17999267578125,142.6999969482422,915300.0,134.43814086914062,SWK
2018-06-07,145.58999633789062,143.25999450683594,143.3800048828125,144.8000030517578,1622600.0,136.41656494140625,SWK
2018-06-08,145.57000732421875,144.0,144.9499969482422,145.3699951171875,840400.0,136.9535675048828,SWK
2018-06-11,146.67999267578125,144.0399932861328,145.5399932861328,144.4199981689453,766000.0,136.05856323242188,SWK
2018-06-12,145.61000061035156,144.13999938964844,144.9600067138672,144.49000549316406,856600.0,136.12454223632812,SWK
2018-06-13,144.63999938964844,142.83999633789062,144.36000061035156,142.88999938964844,1016900.0,134.61712646484375,SWK
2018-06-14,144.10000610351562,142.0399932861328,143.5,142.2899932861328,1210800.0,134.05189514160156,SWK
2018-06-15,142.05999755859375,139.19000244140625,141.33999633789062,141.9499969482422,2203700.0,133.7315673828125,SWK
2018-06-18,141.75,140.3300018310547,140.64999389648438,141.22999572753906,703100.0,133.0532684326172,SWK
2018-06-19,139.89999389648438,137.17999267578125,139.67999267578125,137.75999450683594,1564600.0,129.7841339111328,SWK
2018-06-20,138.32000732421875,136.5399932861328,138.2899932861328,136.77999877929688,1286500.0,128.86093139648438,SWK
2018-06-21,136.69000244140625,133.1199951171875,136.69000244140625,133.60000610351562,1634200.0,125.86502838134766,SWK
2018-06-22,135.91000366210938,134.0,135.14999389648438,135.0,1398100.0,127.1839599609375,SWK
2018-06-25,134.60000610351562,132.44000244140625,134.52000427246094,133.92999267578125,1201400.0,126.17586517333984,SWK
2018-06-26,136.4199981689453,134.42999267578125,135.1300048828125,134.91000366210938,1390800.0,127.09918975830078,SWK
2018-06-27,136.39999389648438,134.1699981689453,135.42999267578125,134.38999938964844,1575400.0,126.60926818847656,SWK
2018-06-28,135.17999267578125,133.1699981689453,134.60000610351562,134.2899932861328,1517800.0,126.5150375366211,SWK
2018-06-29,135.9499969482422,132.6699981689453,135.07000732421875,132.80999755859375,1354800.0,125.12074279785156,SWK
2018-07-02,133.0,130.55999755859375,131.85000610351562,132.4600067138672,1244100.0,124.79103088378906,SWK
2018-07-03,133.2899932861328,131.63999938964844,132.97000122070312,131.83999633789062,410500.0,124.20691680908203,SWK
2018-07-05,134.0,131.60000610351562,132.39999389648438,133.91000366210938,1159500.0,126.1570816040039,SWK
2018-07-06,134.13999938964844,132.35000610351562,133.42999267578125,133.13999938964844,731600.0,125.43163299560547,SWK
2018-07-09,136.8699951171875,133.2899932861328,133.4199981689453,135.74000549316406,1482400.0,127.88109588623047,SWK
2018-07-10,138.49000549316406,135.16000366210938,136.3300018310547,137.02999877929688,1097400.0,129.096435546875,SWK
2018-07-11,135.16000366210938,132.1699981689453,134.67999267578125,133.55999755859375,1355300.0,125.82731628417969,SWK
2018-07-12,135.2899932861328,132.94000244140625,134.6199951171875,134.6199951171875,984000.0,126.82592010498047,SWK
2018-07-13,136.2899932861328,134.10000610351562,134.10000610351562,135.57000732421875,824500.0,127.72095489501953,SWK
2018-07-16,135.9199981689453,133.72999572753906,135.5,134.50999450683594,695500.0,126.72232055664062,SWK
2018-07-17,135.75,132.91000366210938,133.77999877929688,135.7100067138672,1319600.0,127.85283660888672,SWK
2018-07-18,138.77999877929688,135.36000061035156,136.2899932861328,138.27000427246094,1908800.0,130.2646484375,SWK
2018-07-19,139.99000549316406,136.5399932861328,137.4499969482422,139.64999389648438,2384100.0,131.56472778320312,SWK
2018-07-20,145.32000732421875,140.14999389648438,143.33999633789062,144.22999572753906,4131700.0,135.87957763671875,SWK
2018-07-23,144.11000061035156,137.82000732421875,143.5,138.69000244140625,2928100.0,130.6603240966797,SWK
2018-07-24,140.8300018310547,138.86000061035156,139.5399932861328,140.13999938964844,2260900.0,132.02635192871094,SWK
2018-07-25,140.75,138.10000610351562,139.86000061035156,140.39999389648438,1934300.0,132.27130126953125,SWK
2018-07-26,144.89999389648438,140.66000366210938,141.10000610351562,144.5500030517578,2135900.0,136.1810302734375,SWK
2018-07-27,146.05999755859375,144.41000366210938,144.52999877929688,145.89999389648438,1874600.0,137.452880859375,SWK
2018-07-30,147.00999450683594,144.75,145.4600067138672,145.0399932861328,1991700.0,136.64268493652344,SWK
2018-07-31,149.82000732421875,145.4600067138672,146.00999450683594,149.47000122070312,2334600.0,140.8162078857422,SWK
2018-08-01,149.4499969482422,144.7100067138672,148.77999877929688,144.7100067138672,1378500.0,136.33181762695312,SWK
2018-08-02,144.58999633789062,142.61000061035156,144.0,143.8300018310547,875200.0,135.50274658203125,SWK
2018-08-03,144.8800048828125,143.22999572753906,144.22000122070312,144.50999450683594,905100.0,136.14332580566406,SWK
2018-08-06,145.22999572753906,144.07000732421875,144.89999389648438,145.0,715700.0,136.60498046875,SWK
2018-08-07,146.50999450683594,144.91000366210938,145.5800018310547,145.08999633789062,927500.0,136.6897735595703,SWK
2018-08-08,145.17999267578125,142.97999572753906,145.00999450683594,143.24000549316406,1056300.0,134.9468994140625,SWK
2018-08-09,143.42999267578125,141.55999755859375,143.42999267578125,141.85000610351562,1317200.0,133.63735961914062,SWK
2018-08-10,141.3000030517578,138.6300048828125,141.3000030517578,139.24000549316406,883500.0,131.17848205566406,SWK
2018-08-13,139.7100067138672,136.32000732421875,139.25,137.11000061035156,1006500.0,129.1717987060547,SWK
2018-08-14,138.67999267578125,137.2899932861328,137.74000549316406,137.99000549316406,918000.0,130.0008544921875,SWK
2018-08-15,138.63999938964844,135.75999450683594,136.9499969482422,138.35000610351562,957800.0,130.34002685546875,SWK
2018-08-16,140.75999450683594,138.89999389648438,139.22000122070312,140.19000244140625,876800.0,132.0734405517578,SWK
2018-08-17,141.66000366210938,140.38999938964844,140.38999938964844,141.38999938964844,901100.0,133.20401000976562,SWK
2018-08-20,143.22000122070312,141.80999755859375,141.80999755859375,142.33999633789062,698600.0,134.0989990234375,SWK
2018-08-21,145.86000061035156,142.4199981689453,142.4499969482422,145.0,970000.0,136.60498046875,SWK
2018-08-22,144.72999572753906,141.82000732421875,144.6199951171875,142.0399932861328,1133500.0,133.81637573242188,SWK
2018-08-23,142.0,139.22999572753906,142.0,139.60000610351562,1219900.0,131.51763916015625,SWK
2018-08-24,141.02999877929688,139.25,140.38999938964844,140.97000122070312,736800.0,132.80831909179688,SWK
2018-08-27,144.4499969482422,141.61000061035156,141.61000061035156,144.33999633789062,1050000.0,135.9832000732422,SWK
2018-08-28,145.4499969482422,144.13999938964844,144.8000030517578,145.10000610351562,1171800.0,136.69923400878906,SWK
2018-08-29,145.72999572753906,144.30999755859375,145.0,144.39999389648438,1191700.0,136.03973388671875,SWK
2018-08-30,144.91000366210938,140.72000122070312,144.30999755859375,141.0399932861328,1083000.0,132.87425231933594,SWK
2018-08-31,141.0399932861328,139.80999755859375,140.52000427246094,140.52999877929688,1166000.0,132.39376831054688,SWK
2018-09-04,140.38999938964844,138.10000610351562,140.0,140.02000427246094,1311100.0,131.913330078125,SWK
2018-09-05,142.64999389648438,139.6699981689453,140.0,142.35000610351562,1035800.0,134.10845947265625,SWK
2018-09-06,142.7100067138672,139.80999755859375,141.47000122070312,140.9199981689453,1070300.0,133.37962341308594,SWK
2018-09-07,140.27999877929688,138.0800018310547,140.16000366210938,139.1999969482422,847000.0,131.7516632080078,SWK
2018-09-10,142.97000122070312,140.16000366210938,140.16000366210938,142.33999633789062,941900.0,134.72364807128906,SWK
2018-09-11,142.60000610351562,140.25,141.89999389648438,141.83999633789062,606800.0,134.25039672851562,SWK
2018-09-12,146.0399932861328,141.33999633789062,142.02999877929688,145.86000061035156,1482300.0,138.0552978515625,SWK
2018-09-13,147.7899932861328,146.1699981689453,146.7100067138672,147.36000061035156,1229900.0,139.47503662109375,SWK
2018-09-14,149.39999389648438,147.35000610351562,147.35000610351562,148.33999633789062,1589100.0,140.40260314941406,SWK
2018-09-17,149.57000732421875,147.89999389648438,148.97000122070312,149.19000244140625,1355700.0,141.20712280273438,SWK
2018-09-18,150.9499969482422,148.14999389648438,149.6300048828125,150.75999450683594,1334500.0,142.69309997558594,SWK
2018-09-19,152.83999633789062,150.6300048828125,150.9199981689453,151.8000030517578,1626400.0,143.67747497558594,SWK
2018-09-20,154.16000366210938,151.99000549316406,152.55999755859375,153.8300018310547,1736300.0,145.59881591796875,SWK
2018-09-21,155.22000122070312,153.05999755859375,154.6699981689453,154.36000061035156,1660700.0,146.10043334960938,SWK
2018-09-24,154.1300048828125,150.4499969482422,154.02000427246094,151.49000549316406,2334600.0,143.3840789794922,SWK
2018-09-25,151.67999267578125,148.91000366210938,151.5,149.1699981689453,2134600.0,141.18821716308594,SWK
2018-09-26,149.97999572753906,148.1699981689453,149.0800018310547,148.92999267578125,1234400.0,140.9610137939453,SWK
2018-09-27,149.5,147.27000427246094,149.25,147.4600067138672,805800.0,139.5697021484375,SWK
2018-09-28,147.8000030517578,146.14999389648438,147.32000732421875,146.44000244140625,907700.0,138.604248046875,SWK
2018-10-01,148.35000610351562,146.39999389648438,147.17999267578125,147.27000427246094,1204400.0,139.3898468017578,SWK
2018-10-02,147.72000122070312,146.19000244140625,147.02999877929688,147.50999450683594,843700.0,139.6170196533203,SWK
2018-10-03,148.8300018310547,146.47000122070312,148.16000366210938,146.75,920300.0,138.8976593017578,SWK
2018-10-04,146.5399932861328,144.14999389648438,146.39999389648438,145.2899932861328,1037800.0,137.5157928466797,SWK
2018-10-05,145.75,141.5500030517578,145.47000122070312,142.72000122070312,1098400.0,135.0833282470703,SWK
2018-10-08,142.44000244140625,139.4499969482422,142.0399932861328,141.1999969482422,1181600.0,133.6446533203125,SWK
2018-10-09,140.9499969482422,134.36000061035156,140.3300018310547,134.67999267578125,1893700.0,127.47350311279297,SWK
2018-10-10,134.77000427246094,129.9600067138672,134.67999267578125,130.22999572753906,1914600.0,123.26162719726562,SWK
2018-10-11,136.10000610351562,129.74000549316406,130.22999572753906,130.9199981689453,2626100.0,123.91468811035156,SWK
2018-10-12,133.35000610351562,127.3499984741211,133.1999969482422,129.77000427246094,2015000.0,122.82624816894531,SWK
2018-10-15,129.6300048828125,127.80999755859375,129.1699981689453,127.86000061035156,1290100.0,121.0184326171875,SWK
2018-10-16,129.6300048828125,127.52999877929688,128.6999969482422,128.10000610351562,1333500.0,121.24561309814453,SWK
2018-10-17,127.7699966430664,123.1500015258789,127.6500015258789,123.56999969482422,3386200.0,116.95799255371094,SWK
2018-10-18,122.51000213623047,118.70999908447266,122.13999938964844,120.44999694824219,2922200.0,114.00492095947266,SWK
2018-10-19,121.33999633789062,117.43000030517578,120.6500015258789,118.0999984741211,1475800.0,111.78067016601562,SWK
2018-10-22,119.22000122070312,117.5,119.0,117.81999969482422,1353000.0,111.51565551757812,SWK
2018-10-23,118.08000183105469,113.69000244140625,115.72000122070312,117.08000183105469,2040300.0,110.81526184082031,SWK
2018-10-24,118.37000274658203,112.98999786376953,118.08000183105469,113.08000183105469,2178800.0,107.02928161621094,SWK
2018-10-25,116.58999633789062,106.41000366210938,107.69000244140625,114.86000061035156,3644700.0,108.71404266357422,SWK
2018-10-26,113.5999984741211,108.18000030517578,112.8499984741211,110.20999908447266,3085100.0,104.31285858154297,SWK
2018-10-29,113.2699966430664,106.97000122070312,111.31999969482422,108.44999694824219,2022300.0,102.64704132080078,SWK
2018-10-30,113.41000366210938,108.45999908447266,109.2300033569336,113.19000244140625,2081500.0,107.1333999633789,SWK
2018-10-31,118.31999969482422,114.66000366210938,114.87000274658203,116.5199966430664,3213400.0,110.28522491455078,SWK
2018-11-01,123.80000305175781,115.75,116.7300033569336,123.4800033569336,3536300.0,116.87281036376953,SWK
2018-11-02,125.83000183105469,122.66999816894531,125.20999908447266,124.23999786376953,2484000.0,117.5921401977539,SWK
2018-11-05,125.68000030517578,122.69000244140625,124.45999908447266,123.77999877929688,1485100.0,117.15674591064453,SWK
2018-11-06,125.9000015258789,122.80999755859375,123.66999816894531,125.68000030517578,1416700.0,118.955078125,SWK
2018-11-07,129.07000732421875,125.51000213623047,126.8499984741211,128.69000244140625,1575900.0,121.80403900146484,SWK
2018-11-08,128.72999572753906,127.12000274658203,128.13999938964844,128.42999267578125,1483000.0,121.55794525146484,SWK
2018-11-09,128.1699981689453,124.44000244140625,127.55000305175781,125.73999786376953,1435800.0,119.01187133789062,SWK
2018-11-12,125.80000305175781,121.73999786376953,125.45999908447266,121.97000122070312,1515800.0,115.443603515625,SWK
2018-11-13,127.91000366210938,122.41000366210938,122.41000366210938,124.93000030517578,1113600.0,118.24522399902344,SWK
2018-11-14,128.14999389648438,124.11000061035156,126.11000061035156,124.98999786376953,1591100.0,118.302001953125,SWK
2018-11-15,130.64999389648438,122.87999725341797,123.7699966430664,128.83999633789062,2055200.0,121.94599151611328,SWK
2018-11-16,131.02999877929688,126.69000244140625,128.25,130.19000244140625,1345200.0,123.22376251220703,SWK
2018-11-19,129.94000244140625,126.16999816894531,129.92999267578125,126.87000274658203,1343300.0,120.08140563964844,SWK
2018-11-20,126.61000061035156,123.0,124.52999877929688,124.2300033569336,1353700.0,117.58267974853516,SWK
2018-11-21,127.87999725341797,124.83000183105469,125.51000213623047,125.63999938964844,977300.0,118.917236328125,SWK
2018-11-23,126.7699966430664,124.37999725341797,124.37999725341797,125.94000244140625,404900.0,119.201171875,SWK
2018-11-26,128.75,126.97000122070312,127.2300033569336,128.4199981689453,1087300.0,121.5484619140625,SWK
2018-11-27,128.1699981689453,124.5999984741211,127.13999938964844,125.87000274658203,1123400.0,119.13492584228516,SWK
2018-11-28,128.02999877929688,123.01000213623047,126.4000015258789,127.91999816894531,1450500.0,121.0752182006836,SWK
2018-11-29,128.75,124.95999908447266,127.25,127.45999908447266,1091800.0,121.26551818847656,SWK
2018-11-30,130.94000244140625,127.12999725341797,127.12999725341797,130.85000610351562,1339400.0,124.49075317382812,SWK
2018-12-03,139.4499969482422,134.89999389648438,135.57000732421875,136.02000427246094,2620200.0,129.4095001220703,SWK
2018-12-04,135.75,126.0,134.8699951171875,126.3499984741211,2745700.0,120.20945739746094,SWK
2018-12-06,126.69999694824219,121.12000274658203,123.33999633789062,126.5199966430664,2551900.0,120.37118530273438,SWK
2018-12-07,128.1699981689453,122.38999938964844,126.51000213623047,122.58999633789062,1636600.0,116.63219451904297,SWK
2018-12-10,123.16000366210938,119.0,122.44999694824219,121.86000061035156,1333700.0,115.93766784667969,SWK
2018-12-11,124.77999877929688,119.56999969482422,124.0,119.80999755859375,1433300.0,113.98728942871094,SWK
2018-12-12,122.94999694824219,119.69999694824219,122.0999984741211,119.83000183105469,1537900.0,114.00631713867188,SWK
2018-12-13,121.52999877929688,117.61000061035156,120.91000366210938,117.9000015258789,1183600.0,112.17012786865234,SWK
2018-12-14,119.11000061035156,116.05000305175781,116.13999938964844,118.36000061035156,1658400.0,112.60775756835938,SWK
2018-12-17,122.36000061035156,117.19999694824219,119.19999694824219,119.9800033569336,1949400.0,114.14904022216797,SWK
2018-12-18,122.81999969482422,118.80999755859375,121.11000061035156,120.30999755859375,1456300.0,114.46299743652344,SWK
2018-12-19,122.08000183105469,117.11000061035156,120.55000305175781,117.44000244140625,1830000.0,111.73248291015625,SWK
2018-12-20,118.6500015258789,114.36000061035156,116.69999694824219,115.5999984741211,1732100.0,109.98189544677734,SWK
2018-12-21,118.36000061035156,113.5999984741211,115.5999984741211,113.69000244140625,2128700.0,108.16471862792969,SWK
2018-12-24,114.19999694824219,110.70999908447266,113.16000366210938,111.25,786400.0,105.84331512451172,SWK
2018-12-26,117.11000061035156,110.54000091552734,112.22000122070312,116.9800033569336,850800.0,111.29486083984375,SWK
2018-12-27,120.22000122070312,114.7699966430664,115.08999633789062,120.16000366210938,1616900.0,114.32029724121094,SWK
2018-12-28,121.18000030517578,118.0,120.54000091552734,118.83000183105469,837700.0,113.05492401123047,SWK
2018-12-31,120.69999694824219,117.97000122070312,119.25,119.73999786376953,1075500.0,113.92070007324219,SWK
2019-01-02,121.0,117.0,117.5999984741211,120.7300033569336,981200.0,114.86258697509766,SWK
2019-01-03,120.0999984741211,116.16000366210938,119.94999694824219,117.20999908447266,949100.0,111.51365661621094,SWK
2019-01-04,123.30000305175781,119.5199966430664,119.5199966430664,123.1500015258789,1185100.0,117.16497039794922,SWK
2019-01-07,127.04000091552734,122.0999984741211,123.5999984741211,125.75,2272800.0,119.63860321044922,SWK
2019-01-08,129.3300018310547,126.62000274658203,127.45999908447266,128.07000732421875,1669000.0,121.84587860107422,SWK
2019-01-09,131.91000366210938,128.5399932861328,128.7899932861328,131.0500030517578,1548000.0,124.6810531616211,SWK
2019-01-10,132.3300018310547,129.2899932861328,130.14999389648438,132.02999877929688,1280100.0,125.61341857910156,SWK
2019-01-11,133.08999633789062,130.6999969482422,131.07000732421875,132.7100067138672,995900.0,126.2603759765625,SWK
2019-01-14,132.44000244140625,130.38999938964844,131.24000549316406,130.88999938964844,1150500.0,124.52881622314453,SWK
2019-01-15,131.1699981689453,127.0199966430664,131.1699981689453,128.99000549316406,2181400.0,122.7211685180664,SWK
2019-01-16,130.94000244140625,129.16000366210938,129.58999633789062,129.6300048828125,1295400.0,123.3300552368164,SWK
2019-01-17,134.9499969482422,127.7699966430664,128.25,132.64999389648438,2262200.0,126.2032699584961,SWK
2019-01-18,137.9600067138672,132.9600067138672,133.64999389648438,136.8800048828125,2214100.0,130.22772216796875,SWK
2019-01-22,120.5,115.0199966430664,119.9000015258789,115.69000244140625,8738200.0,110.06753540039062,SWK
2019-01-23,121.0199966430664,115.54000091552734,118.0,118.55000305175781,4049900.0,112.78853607177734,SWK
2019-01-24,119.80000305175781,116.62999725341797,118.8499984741211,118.23999786376953,2456900.0,112.49360656738281,SWK
2019-01-25,120.95999908447266,118.83999633789062,119.98999786376953,120.58000183105469,1701500.0,114.7198715209961,SWK
2019-01-28,121.30999755859375,118.61000061035156,119.19000244140625,121.20999908447266,1429500.0,115.31926727294922,SWK
2019-01-29,124.27999877929688,120.77999877929688,121.36000061035156,123.33000183105469,1352700.0,117.33623504638672,SWK
2019-01-30,125.0,122.30999755859375,124.44000244140625,124.4800033569336,1148700.0,118.43033599853516,SWK
2019-01-31,126.79000091552734,123.04000091552734,124.3499984741211,126.44000244140625,1548100.0,120.29508209228516,SWK
2019-02-01,127.9000015258789,125.75,126.5,127.79000091552734,1240100.0,121.57947540283203,SWK
2019-02-04,128.8000030517578,126.69000244140625,127.91999816894531,128.7899932861328,881000.0,122.5308609008789,SWK
2019-02-05,130.36000061035156,127.45999908447266,128.9600067138672,130.25999450683594,1359500.0,123.92943572998047,SWK
2019-02-06,130.99000549316406,129.5,130.05999755859375,130.22999572753906,1168200.0,123.90089416503906,SWK
2019-02-07,129.69000244140625,126.2300033569336,129.10000610351562,128.0500030517578,1271100.0,121.82682037353516,SWK
2019-02-08,129.14999389648438,125.7699966430664,127.5199966430664,126.81999969482422,1121700.0,120.6566162109375,SWK
2019-02-11,128.8699951171875,127.36000061035156,127.62000274658203,128.33999633789062,969500.0,122.10272979736328,SWK
2019-02-12,133.0399932861328,128.58999633789062,129.60000610351562,132.30999755859375,1524500.0,125.87981414794922,SWK
2019-02-13,134.74000549316406,132.47999572753906,132.75,134.27999877929688,1170100.0,127.83135986328125,SWK
2019-02-14,134.39999389648438,131.91000366210938,133.07000732421875,133.0800018310547,786300.0,126.68898010253906,SWK
2019-02-15,136.72999572753906,133.7100067138672,134.25,136.38999938964844,998200.0,129.84002685546875,SWK
2019-02-19,137.61000061035156,134.74000549316406,135.5,136.55999755859375,774400.0,130.0018768310547,SWK
2019-02-20,137.82000732421875,136.38999938964844,136.77000427246094,136.82000732421875,879400.0,130.24935913085938,SWK
2019-02-21,138.08999633789062,135.91000366210938,136.5,137.5399932861328,668600.0,130.93478393554688,SWK
2019-02-22,139.33999633789062,137.67999267578125,138.1999969482422,138.9199981689453,1151300.0,132.24851989746094,SWK
2019-02-25,139.89999389648438,137.08999633789062,139.8000030517578,137.38999938964844,1134000.0,130.79200744628906,SWK
2019-02-26,137.3699951171875,135.85000610351562,136.6999969482422,135.89999389648438,1339700.0,129.37355041503906,SWK
2019-02-27,136.8699951171875,133.64999389648438,135.8000030517578,136.4600067138672,1616600.0,129.9066619873047,SWK
2019-02-28,136.0,132.22999572753906,136.0,132.42999267578125,1681400.0,126.07017517089844,SWK
2019-03-01,134.25,130.9199981689453,133.6300048828125,132.6300048828125,1428000.0,126.2605972290039,SWK
2019-03-04,135.7899932861328,133.0800018310547,133.0800018310547,134.9499969482422,1457900.0,129.11167907714844,SWK
2019-03-05,135.19000244140625,133.3300018310547,134.63999938964844,134.16000366210938,1108900.0,128.35586547851562,SWK
2019-03-06,134.85000610351562,133.55999755859375,134.42999267578125,133.6199951171875,863100.0,127.83920288085938,SWK
2019-03-07,133.35000610351562,130.32000732421875,133.1999969482422,131.24000549316406,1900500.0,125.56217193603516,SWK
2019-03-08,129.47999572753906,127.48999786376953,129.33999633789062,129.25999450683594,1542200.0,123.66783905029297,SWK
2019-03-11,132.5800018310547,129.1300048828125,129.25999450683594,132.5500030517578,1056000.0,126.81549072265625,SWK
2019-03-12,133.92999267578125,132.1300048828125,133.0,132.60000610351562,1134600.0,126.86333465576172,SWK
2019-03-13,134.6699981689453,132.6999969482422,133.42999267578125,133.57000732421875,830500.0,127.79137420654297,SWK
2019-03-14,133.35000610351562,131.61000061035156,133.24000549316406,131.97999572753906,1213300.0,126.27014923095703,SWK
2019-03-15,133.97000122070312,131.0,132.0500030517578,131.50999450683594,1261500.0,125.82049560546875,SWK
2019-03-18,134.25999450683594,130.64999389648438,131.50999450683594,134.19000244140625,835100.0,128.38453674316406,SWK
2019-03-19,135.3800048828125,132.58999633789062,134.86000061035156,133.32000732421875,679600.0,127.5522232055664,SWK
2019-03-20,133.6300048828125,130.11000061035156,133.0500030517578,131.85000610351562,829200.0,126.14579010009766,SWK
2019-03-21,135.02999877929688,130.88999938964844,131.50999450683594,134.60000610351562,732700.0,128.77682495117188,SWK
2019-03-22,135.9499969482422,130.75999450683594,135.9499969482422,130.89999389648438,1076700.0,125.23687744140625,SWK
2019-03-25,132.7100067138672,130.57000732421875,130.89999389648438,131.6699981689453,527400.0,125.97357940673828,SWK
2019-03-26,133.02999877929688,131.19000244140625,132.82000732421875,132.0500030517578,587500.0,126.3371353149414,SWK
2019-03-27,133.4199981689453,131.41000366210938,132.42999267578125,132.36000061035156,591600.0,126.63371276855469,SWK
2019-03-28,134.74000549316406,132.58999633789062,132.72999572753906,134.57000732421875,882300.0,128.7481231689453,SWK
2019-03-29,137.24000549316406,135.27000427246094,135.8300018310547,136.1699981689453,962000.0,130.27886962890625,SWK
2019-04-01,139.85000610351562,137.07000732421875,137.99000549316406,139.50999450683594,1221000.0,133.47438049316406,SWK
2019-04-02,139.72999572753906,137.63999938964844,139.36000061035156,139.3000030517578,640100.0,133.2735137939453,SWK
2019-04-03,142.3300018310547,139.80999755859375,140.0,140.75,875600.0,134.66073608398438,SWK
2019-04-04,143.1300048828125,140.64999389648438,140.75,142.94000244140625,960500.0,136.7559814453125,SWK
2019-04-05,144.0500030517578,142.5500030517578,143.00999450683594,142.7899932861328,1153300.0,136.6124725341797,SWK
2019-04-08,144.07000732421875,141.67999267578125,142.25,144.0,882400.0,137.77015686035156,SWK
2019-04-09,142.77000427246094,140.27000427246094,142.61000061035156,141.8699951171875,1430600.0,135.7322998046875,SWK
2019-04-10,142.7100067138672,141.11000061035156,141.97000122070312,142.4600067138672,839300.0,136.29676818847656,SWK
2019-04-11,145.05999755859375,142.36000061035156,142.6300048828125,144.3800048828125,1173100.0,138.13372802734375,SWK
2019-04-12,146.5800018310547,144.80999755859375,145.61000061035156,146.1699981689453,1074400.0,139.8462677001953,SWK
2019-04-15,148.1300048828125,145.91000366210938,145.91000366210938,146.61000061035156,1389700.0,140.2672119140625,SWK
2019-04-16,147.25999450683594,145.38999938964844,146.94000244140625,145.82000732421875,1375600.0,139.51141357421875,SWK
2019-04-17,146.66000366210938,144.27999877929688,146.3699951171875,144.6199951171875,1318900.0,138.36331176757812,SWK
2019-04-18,146.1300048828125,144.3800048828125,145.10000610351562,145.74000549316406,1737800.0,139.4348602294922,SWK
2019-04-22,146.13999938964844,144.27999877929688,145.47999572753906,145.42999267578125,909400.0,139.1382598876953,SWK
2019-04-23,147.4499969482422,145.0399932861328,145.5399932861328,147.4499969482422,1596100.0,141.0708770751953,SWK
2019-04-24,154.10000610351562,144.97999572753906,150.39999389648438,145.97000122070312,3488900.0,139.65492248535156,SWK
2019-04-25,145.97999572753906,143.47000122070312,144.9499969482422,143.49000549316406,1493300.0,137.28219604492188,SWK
2019-04-26,146.4499969482422,142.72999572753906,143.77999877929688,146.3000030517578,1270000.0,139.9706268310547,SWK
2019-04-29,148.17999267578125,146.5800018310547,147.0800018310547,147.32000732421875,967900.0,140.94651794433594,SWK
2019-04-30,147.52000427246094,144.92999267578125,147.52000427246094,146.60000610351562,1733100.0,140.2576446533203,SWK
2019-05-01,149.75999450683594,145.72999572753906,147.50999450683594,148.3800048828125,1503600.0,141.96067810058594,SWK
2019-05-02,150.4600067138672,147.02999877929688,147.83999633789062,149.97000122070312,1245700.0,143.48187255859375,SWK
2019-05-03,153.25999450683594,150.5399932861328,151.2100067138672,153.0800018310547,856800.0,146.4573516845703,SWK
2019-05-06,147.3300018310547,144.47999572753906,146.47000122070312,146.39999389648438,1928500.0,140.0662841796875,SWK
2019-05-07,144.92999267578125,142.1300048828125,144.92999267578125,143.6300048828125,1220000.0,137.41615295410156,SWK
2019-05-08,146.11000061035156,142.55999755859375,143.9600067138672,143.9499969482422,1603700.0,137.72230529785156,SWK
2019-05-09,142.64999389648438,138.08999633789062,141.7899932861328,142.52000427246094,1456800.0,136.3541717529297,SWK
2019-05-10,142.47000122070312,137.10000610351562,141.7100067138672,142.19000244140625,1453700.0,136.0384521484375,SWK
2019-05-13,138.50999450683594,134.33999633789062,137.75,135.75,2226000.0,129.87705993652344,SWK
2019-05-14,136.67999267578125,135.0399932861328,136.32000732421875,135.49000549316406,1431200.0,129.62832641601562,SWK
2019-05-15,136.35000610351562,133.13999938964844,134.22000122070312,135.0800018310547,1967200.0,129.2360382080078,SWK
2019-05-16,142.0399932861328,135.27000427246094,135.38999938964844,138.36000061035156,2599000.0,132.3741455078125,SWK
2019-05-17,138.55999755859375,134.77000427246094,137.1999969482422,134.85000610351562,1356600.0,129.01597595214844,SWK
2019-05-20,135.91000366210938,133.49000549316406,133.52000427246094,135.1199951171875,1036900.0,129.27430725097656,SWK
2019-05-21,138.6199951171875,136.4499969482422,137.64999389648438,136.89999389648438,1030700.0,130.97731018066406,SWK
2019-05-22,137.11000061035156,135.52000427246094,136.00999450683594,135.57000732421875,907700.0,129.7048797607422,SWK
2019-05-23,134.10000610351562,131.11000061035156,134.10000610351562,131.8699951171875,1155100.0,126.16490173339844,SWK
2019-05-24,133.8000030517578,132.25999450683594,133.0399932861328,132.8000030517578,584800.0,127.05470275878906,SWK
2019-05-28,133.27999877929688,129.32000732421875,132.49000549316406,129.3699951171875,1119100.0,123.77306365966797,SWK
2019-05-29,130.75,128.10000610351562,129.27999877929688,130.22000122070312,782500.0,124.5863037109375,SWK
2019-05-30,131.83999633789062,130.27999877929688,130.27999877929688,131.0500030517578,1051600.0,125.38040161132812,SWK
2019-05-31,129.3800048828125,126.87999725341797,129.3800048828125,127.22000122070312,908100.0,121.71610260009766,SWK
2019-06-03,128.69000244140625,126.37000274658203,126.75,127.27999877929688,880400.0,122.40853881835938,SWK
2019-06-04,132.57000732421875,128.66000366210938,129.3699951171875,132.5,1124900.0,127.42876434326172,SWK
2019-06-05,134.94000244140625,132.72000122070312,133.4199981689453,134.85000610351562,1030800.0,129.68878173828125,SWK
2019-06-06,136.80999755859375,134.0800018310547,134.8000030517578,136.2100067138672,1167600.0,130.9967803955078,SWK
2019-06-07,138.5,136.60000610351562,137.2100067138672,137.69000244140625,694900.0,132.42010498046875,SWK
2019-06-10,140.4499969482422,138.72000122070312,139.10000610351562,139.47999572753906,580500.0,134.14158630371094,SWK
2019-06-11,141.9199981689453,139.8300018310547,140.94000244140625,140.00999450683594,792000.0,134.6512908935547,SWK
2019-06-12,141.32000732421875,139.5500030517578,140.1999969482422,140.97999572753906,532000.0,135.5841827392578,SWK
2019-06-13,143.00999450683594,141.00999450683594,141.77999877929688,142.91000366210938,718400.0,137.4403533935547,SWK
2019-06-14,142.82000732421875,139.80999755859375,142.82000732421875,141.50999450683594,779100.0,136.0939178466797,SWK
2019-06-17,141.74000549316406,140.6300048828125,141.5800018310547,140.8000030517578,501200.0,135.4110565185547,SWK
2019-06-18,145.89999389648438,141.1999969482422,141.9199981689453,144.55999755859375,1133000.0,139.0271759033203,SWK
2019-06-19,145.52000427246094,142.67999267578125,145.3800048828125,143.47000122070312,605300.0,137.9788818359375,SWK
2019-06-20,146.72000122070312,143.58999633789062,145.83999633789062,146.36000061035156,742500.0,140.7582550048828,SWK
2019-06-21,145.52999877929688,143.36000061035156,144.74000549316406,143.4499969482422,1470900.0,137.9596405029297,SWK
2019-06-24,144.0800018310547,142.66000366210938,143.6999969482422,143.1300048828125,896500.0,137.65188598632812,SWK
2019-06-25,143.4499969482422,140.8000030517578,143.30999755859375,141.6999969482422,983200.0,136.27664184570312,SWK
2019-06-26,143.4600067138672,141.3300018310547,141.6999969482422,143.0500030517578,922500.0,137.57498168945312,SWK
2019-06-27,144.3699951171875,142.83999633789062,143.27999877929688,143.17999267578125,575400.0,137.69998168945312,SWK
2019-06-28,144.82000732421875,142.75,143.0,144.61000061035156,1355600.0,139.07525634765625,SWK
2019-07-01,147.9199981689453,145.50999450683594,146.97999572753906,147.24000549316406,955500.0,141.60459899902344,SWK
2019-07-02,147.72999572753906,146.07000732421875,147.02000427246094,146.61000061035156,832300.0,140.9987030029297,SWK
2019-07-03,147.74000549316406,146.1699981689453,147.35000610351562,147.02000427246094,456700.0,141.39300537109375,SWK
2019-07-05,146.61000061035156,144.1999969482422,145.99000549316406,146.52000427246094,515800.0,140.91213989257812,SWK
2019-07-08,146.38999938964844,144.3000030517578,145.8699951171875,144.89999389648438,530800.0,139.35414123535156,SWK
2019-07-09,144.3300018310547,142.74000549316406,143.69000244140625,144.24000549316406,874000.0,138.7194366455078,SWK
2019-07-10,146.6199951171875,142.80999755859375,145.6699981689453,142.97000122070312,1074500.0,137.4980010986328,SWK
2019-07-11,144.02999877929688,142.52999877929688,142.91000366210938,144.0,1422800.0,138.48861694335938,SWK
2019-07-12,147.47000122070312,144.10000610351562,144.69000244140625,147.14999389648438,925000.0,141.51800537109375,SWK
2019-07-15,147.41000366210938,146.00999450683594,147.11000061035156,146.66000366210938,864000.0,141.0467987060547,SWK
2019-07-16,148.0399932861328,145.61000061035156,146.6999969482422,147.0800018310547,744000.0,141.4507293701172,SWK
2019-07-17,147.25,142.72000122070312,147.10000610351562,142.83999633789062,1049800.0,137.3730010986328,SWK
2019-07-18,143.44000244140625,141.5399932861328,142.4499969482422,142.49000549316406,849400.0,137.03640747070312,SWK
2019-07-19,145.47000122070312,143.2100067138672,143.57000732421875,143.5500030517578,924300.0,138.0558319091797,SWK
2019-07-22,143.99000549316406,141.22999572753906,143.6199951171875,141.5,1418200.0,136.0842742919922,SWK
2019-07-23,152.0,144.42999267578125,144.75,151.66000366210938,4099100.0,145.85543823242188,SWK
2019-07-24,153.7100067138672,150.0399932861328,150.30999755859375,152.50999450683594,2560700.0,146.6728973388672,SWK
2019-07-25,153.10000610351562,150.42999267578125,152.3699951171875,152.1999969482422,1458500.0,146.374755859375,SWK
2019-07-26,152.58999633789062,150.55999755859375,152.0399932861328,152.39999389648438,781600.0,146.56707763671875,SWK
2019-07-29,152.07000732421875,150.60000610351562,152.05999755859375,150.9199981689453,644200.0,145.14376831054688,SWK
2019-07-30,151.7100067138672,148.1300048828125,149.99000549316406,151.41000366210938,628200.0,145.61500549316406,SWK
2019-07-31,151.61000061035156,146.74000549316406,151.25999450683594,147.58999633789062,983600.0,141.94122314453125,SWK
2019-08-01,148.39999389648438,139.05999755859375,147.27000427246094,142.22000122070312,1734500.0,136.77670288085938,SWK
2019-08-02,141.52999877929688,139.86000061035156,141.33999633789062,140.80999755859375,818900.0,135.4207000732422,SWK
2019-08-05,138.00999450683594,134.25,137.1300048828125,135.82000732421875,952800.0,130.6217041015625,SWK
2019-08-06,137.72000122070312,134.75,137.0800018310547,137.52999877929688,785600.0,132.26625061035156,SWK
2019-08-07,137.52000427246094,133.55999755859375,135.72000122070312,137.11000061035156,1253600.0,131.86231994628906,SWK
2019-08-08,139.72000122070312,138.3300018310547,138.60000610351562,139.39999389648438,1125500.0,134.0646514892578,SWK
2019-08-09,138.85000610351562,135.92999267578125,138.60000610351562,137.27000427246094,534300.0,132.01617431640625,SWK
2019-08-12,136.3800048828125,133.66000366210938,136.3800048828125,134.16000366210938,570500.0,129.0252227783203,SWK
2019-08-13,140.4499969482422,132.8699951171875,134.0800018310547,137.39999389648438,892100.0,132.1411895751953,SWK
2019-08-14,134.4499969482422,131.02000427246094,134.0500030517578,131.1999969482422,665900.0,126.1784896850586,SWK
2019-08-15,132.8300018310547,129.92999267578125,131.88999938964844,131.4499969482422,821600.0,126.41893005371094,SWK
2019-08-16,134.22000122070312,132.24000549316406,132.44000244140625,133.82000732421875,895400.0,128.69822692871094,SWK
2019-08-19,136.80999755859375,135.5800018310547,136.16000366210938,136.27999877929688,759200.0,131.06407165527344,SWK
2019-08-20,136.50999450683594,135.02000427246094,136.35000610351562,136.02999877929688,797500.0,130.82363891601562,SWK
2019-08-21,138.83999633789062,137.47999572753906,137.91000366210938,138.49000549316406,916100.0,133.1894989013672,SWK
2019-08-22,139.89999389648438,138.32000732421875,139.38999938964844,138.67999267578125,770300.0,133.37220764160156,SWK
2019-08-23,137.47000122070312,130.1699981689453,137.2100067138672,131.10000610351562,1455200.0,126.08234405517578,SWK
2019-08-26,133.42999267578125,130.3000030517578,132.8800048828125,131.44000244140625,1063200.0,126.40933227539062,SWK
2019-08-27,132.72999572753906,129.57000732421875,132.55999755859375,129.6199951171875,802300.0,124.65898132324219,SWK
2019-08-28,130.44000244140625,127.7300033569336,128.13999938964844,130.30999755859375,955600.0,125.32255554199219,SWK
2019-08-29,133.75,131.25,132.35000610351562,133.27999877929688,1008000.0,128.17889404296875,SWK
2019-08-30,135.02000427246094,132.77000427246094,133.9199981689453,132.86000061035156,899400.0,128.43992614746094,SWK
2019-09-03,131.66000366210938,127.62999725341797,131.49000549316406,128.85000610351562,935700.0,124.56332397460938,SWK
2019-09-04,131.25999450683594,129.74000549316406,130.25,130.10000610351562,657100.0,125.77173614501953,SWK
2019-09-05,136.83999633789062,131.7100067138672,131.7100067138672,136.32000732421875,1262300.0,131.7848358154297,SWK
2019-09-06,138.24000549316406,136.38999938964844,137.1300048828125,137.8300018310547,894200.0,133.2445831298828,SWK
2019-09-09,143.42999267578125,138.0,138.60000610351562,143.13999938964844,1485200.0,138.3779296875,SWK
2019-09-10,147.4499969482422,142.86000061035156,142.86000061035156,147.4499969482422,1369900.0,142.5445098876953,SWK
2019-09-11,147.74000549316406,145.1300048828125,147.4600067138672,147.1699981689453,1397500.0,142.2738494873047,SWK
2019-09-12,151.22999572753906,146.00999450683594,146.5,147.1199951171875,1273200.0,142.2255096435547,SWK
2019-09-13,149.52000427246094,146.1699981689453,148.60000610351562,146.25,1125000.0,141.3844451904297,SWK
2019-09-16,145.75,143.22999572753906,144.94000244140625,143.6300048828125,863900.0,138.8516082763672,SWK
2019-09-17,144.5500030517578,141.83999633789062,142.82000732421875,144.3800048828125,705200.0,139.57667541503906,SWK
2019-09-18,143.97999572753906,141.9199981689453,142.67999267578125,143.57000732421875,604400.0,138.7936248779297,SWK
2019-09-19,144.52999877929688,142.1699981689453,143.8000030517578,143.0399932861328,545400.0,138.2812042236328,SWK
2019-09-20,144.57000732421875,140.32000732421875,143.72999572753906,141.11000061035156,1163700.0,136.4154510498047,SWK
2019-09-23,141.69000244140625,139.64999389648438,139.97000122070312,140.85000610351562,947000.0,136.1641082763672,SWK
2019-09-24,141.4600067138672,137.8000030517578,140.92999267578125,138.2899932861328,1035300.0,133.6892547607422,SWK
2019-09-25,142.4199981689453,137.7899932861328,138.7100067138672,142.32000732421875,1019400.0,137.58518981933594,SWK
2019-09-26,143.39999389648438,141.72999572753906,142.44000244140625,142.5500030517578,606100.0,137.8075408935547,SWK
2019-09-27,143.8300018310547,141.6999969482422,143.27000427246094,143.08999633789062,676400.0,138.32957458496094,SWK
2019-09-30,144.97000122070312,143.1699981689453,143.6999969482422,144.41000366210938,648700.0,139.6056671142578,SWK
2019-10-01,146.17999267578125,139.27000427246094,145.3000030517578,139.3300018310547,718400.0,134.69467163085938,SWK
2019-10-02,137.75,134.4600067138672,137.52000427246094,136.3000030517578,1010400.0,131.76548767089844,SWK
2019-10-03,137.6199951171875,133.58999633789062,136.08999633789062,137.5800018310547,687300.0,133.0028839111328,SWK
2019-10-04,141.1300048828125,136.9499969482422,137.97999572753906,140.97000122070312,866800.0,136.2801055908203,SWK
2019-10-07,141.30999755859375,138.8300018310547,140.49000549316406,138.8300018310547,947100.0,134.2113037109375,SWK
2019-10-08,137.0800018310547,134.66000366210938,136.97000122070312,135.08999633789062,1154000.0,130.59573364257812,SWK
2019-10-09,138.6999969482422,135.94000244140625,136.99000549316406,137.97000122070312,743800.0,133.3799285888672,SWK
2019-10-10,141.0,138.10000610351562,138.69000244140625,140.42999267578125,804900.0,135.75804138183594,SWK
2019-10-11,148.44000244140625,142.9199981689453,142.9600067138672,146.72999572753906,1538900.0,141.84848022460938,SWK
2019-10-14,148.27999877929688,145.9600067138672,146.44000244140625,147.3300018310547,958700.0,142.42852783203125,SWK
2019-10-15,150.3800048828125,146.32000732421875,147.0,148.74000549316406,693100.0,143.79164123535156,SWK
2019-10-16,149.3699951171875,147.17999267578125,148.55999755859375,147.38999938964844,840800.0,142.4865264892578,SWK
2019-10-17,150.47000122070312,147.85000610351562,148.60000610351562,148.77000427246094,820800.0,143.82061767578125,SWK
2019-10-18,150.8699951171875,147.91000366210938,148.19000244140625,149.88999938964844,1014600.0,144.9033660888672,SWK
2019-10-21,151.86000061035156,149.6699981689453,150.75999450683594,150.8000030517578,768800.0,145.78309631347656,SWK
2019-10-22,152.4499969482422,148.86000061035156,150.3300018310547,151.36000061035156,986600.0,146.32443237304688,SWK
2019-10-23,153.8800048828125,150.80999755859375,151.41000366210938,153.6300048828125,1724700.0,148.51893615722656,SWK
2019-10-24,151.22000122070312,145.9499969482422,150.0500030517578,146.42999267578125,1725500.0,141.5584259033203,SWK
2019-10-25,152.5,145.49000549316406,145.8000030517578,151.35000610351562,978700.0,146.31478881835938,SWK
2019-10-28,153.49000549316406,149.97000122070312,151.35000610351562,152.08999633789062,1250300.0,147.03013610839844,SWK
2019-10-29,154.4600067138672,151.36000061035156,151.36000061035156,154.10000610351562,862300.0,148.97329711914062,SWK
2019-10-30,153.9600067138672,151.27999877929688,153.72000122070312,153.4600067138672,600400.0,148.3545684814453,SWK
2019-10-31,153.4600067138672,149.82000732421875,152.99000549316406,151.3300018310547,922000.0,146.29542541503906,SWK
2019-11-01,155.89999389648438,151.86000061035156,153.17999267578125,155.88999938964844,892700.0,150.7037353515625,SWK
2019-11-04,158.3300018310547,155.50999450683594,156.74000549316406,158.27999877929688,815300.0,153.01422119140625,SWK
2019-11-05,160.7100067138672,158.33999633789062,158.8000030517578,160.0,1509800.0,154.677001953125,SWK
2019-11-06,160.0,157.22999572753906,160.0,159.24000549316406,675900.0,153.9423065185547,SWK
2019-11-07,162.14999389648438,157.66000366210938,159.64999389648438,159.4499969482422,1984400.0,154.14527893066406,SWK
2019-11-08,159.4499969482422,157.3699951171875,159.4199981689453,157.83999633789062,1736900.0,152.5888671875,SWK
2019-11-11,158.00999450683594,155.97000122070312,156.0,157.94000244140625,678100.0,152.685546875,SWK
2019-11-12,159.13999938964844,157.2100067138672,157.75,157.6199951171875,825000.0,152.3761749267578,SWK
2019-11-13,157.2899932861328,154.61000061035156,155.92999267578125,155.3800048828125,751800.0,150.21070861816406,SWK
2019-11-14,157.75999450683594,155.25999450683594,157.66000366210938,156.11000061035156,887300.0,150.9164276123047,SWK
2019-11-15,157.8300018310547,156.5,157.6199951171875,157.6300048828125,968100.0,152.38584899902344,SWK
2019-11-18,157.1999969482422,155.5800018310547,156.67999267578125,156.11000061035156,493400.0,150.9164276123047,SWK
2019-11-19,156.97000122070312,154.85000610351562,156.86000061035156,156.42999267578125,654700.0,151.22576904296875,SWK
2019-11-20,156.07000732421875,152.49000549316406,155.6300048828125,153.6699981689453,997400.0,148.5575714111328,SWK
2019-11-21,155.50999450683594,153.64999389648438,153.82000732421875,155.08999633789062,763300.0,149.9303436279297,SWK
2019-11-22,157.33999633789062,154.63999938964844,155.6699981689453,157.27999877929688,1067200.0,152.04747009277344,SWK
2019-11-25,159.63999938964844,157.63999938964844,158.0399932861328,159.2899932861328,1165400.0,153.99063110351562,SWK
2019-11-26,159.97999572753906,158.0500030517578,159.97999572753906,158.83999633789062,1765000.0,153.55560302734375,SWK
2019-11-27,159.16000366210938,157.25999450683594,158.4600067138672,158.8000030517578,1256600.0,154.18673706054688,SWK
2019-11-29,158.22999572753906,157.1699981689453,158.2100067138672,157.74000549316406,577300.0,153.15750122070312,SWK
2019-12-02,157.77999877929688,153.14999389648438,157.75,153.27999877929688,1213600.0,148.82704162597656,SWK
2019-12-03,152.1699981689453,149.22000122070312,150.92999267578125,151.8000030517578,1235600.0,147.3900909423828,SWK
2019-12-04,155.4600067138672,153.22000122070312,153.55999755859375,153.27999877929688,871500.0,148.82704162597656,SWK
2019-12-05,157.5,153.49000549316406,154.0800018310547,157.38999938964844,1215600.0,152.81764221191406,SWK
2019-12-06,159.5,158.2100067138672,158.22999572753906,158.8699951171875,1003700.0,154.25466918945312,SWK
2019-12-09,159.16000366210938,156.6300048828125,156.6300048828125,158.58999633789062,492600.0,153.98281860351562,SWK
2019-12-10,158.5800018310547,156.13999938964844,158.57000732421875,157.25999450683594,782600.0,152.6914520263672,SWK
2019-12-11,159.99000549316406,157.61000061035156,158.13999938964844,159.58999633789062,1149400.0,154.9537811279297,SWK
2019-12-12,168.41000366210938,158.27999877929688,160.0,167.75999450683594,2870100.0,162.8863983154297,SWK
2019-12-13,169.5399932861328,163.75,166.5,164.5399932861328,2058000.0,159.75994873046875,SWK
2019-12-16,166.3699951171875,163.8800048828125,166.08999633789062,164.0500030517578,1139500.0,159.28421020507812,SWK
2019-12-17,165.6699981689453,163.89999389648438,164.47999572753906,165.00999450683594,806000.0,160.21627807617188,SWK
2019-12-18,165.8699951171875,162.5800018310547,165.4199981689453,165.11000061035156,1218700.0,160.31341552734375,SWK
2019-12-19,166.2100067138672,163.7100067138672,165.35000610351562,165.8699951171875,966100.0,161.0513153076172,SWK
2019-12-20,167.41000366210938,164.66000366210938,165.44000244140625,165.63999938964844,1571900.0,160.8280029296875,SWK
2019-12-23,167.1300048828125,165.85000610351562,166.16000366210938,166.67999267578125,534200.0,161.83778381347656,SWK
2019-12-24,166.86000061035156,164.97999572753906,166.72000122070312,165.08999633789062,166000.0,160.29396057128906,SWK
2019-12-26,165.8800048828125,164.3800048828125,165.52999877929688,165.66000366210938,757200.0,160.847412109375,SWK
2019-12-27,166.39999389648438,164.8699951171875,166.30999755859375,165.89999389648438,432300.0,161.0804443359375,SWK
2019-12-30,166.39999389648438,165.02999877929688,166.39999389648438,165.6699981689453,604600.0,160.85711669921875,SWK
2019-12-31,166.5399932861328,164.7899932861328,165.33999633789062,165.74000549316406,798600.0,160.92510986328125,SWK
2020-01-02,168.02000427246094,165.82000732421875,167.16000366210938,168.02000427246094,1026000.0,163.1388702392578,SWK
2020-01-03,167.5399932861328,164.8300018310547,164.8300018310547,167.1199951171875,937000.0,162.2650146484375,SWK
2020-01-06,166.52999877929688,164.6999969482422,165.33999633789062,166.52000427246094,958600.0,161.68243408203125,SWK
2020-01-07,167.0,165.08999633789062,166.61000061035156,165.19000244140625,1144800.0,160.3910675048828,SWK
2020-01-08,167.0500030517578,164.97999572753906,165.5500030517578,165.97999572753906,2367800.0,161.15811157226562,SWK
2020-01-09,166.7899932861328,164.72000122070312,166.5800018310547,165.25999450683594,1666200.0,160.45904541015625,SWK
2020-01-10,167.25,165.1199951171875,165.77000427246094,166.0,1510400.0,161.1775360107422,SWK
2020-01-13,167.0399932861328,165.1999969482422,166.57000732421875,165.3000030517578,930600.0,160.49786376953125,SWK
2020-01-14,167.69000244140625,164.99000549316406,165.2100067138672,166.66000366210938,1199100.0,161.818359375,SWK
2020-01-15,167.42999267578125,165.11000061035156,166.10000610351562,167.0800018310547,1250100.0,162.22616577148438,SWK
2020-01-16,170.83999633789062,167.11000061035156,167.75999450683594,170.5,1807900.0,165.54681396484375,SWK
2020-01-17,173.6699981689453,170.07000732421875,170.6999969482422,172.52999877929688,1299800.0,167.51783752441406,SWK
2020-01-21,171.85000610351562,169.67999267578125,171.5500030517578,169.7899932861328,1458100.0,164.85743713378906,SWK
2020-01-22,170.64999389648438,167.66000366210938,170.0500030517578,167.8800048828125,1215800.0,163.0029296875,SWK
2020-01-23,168.85000610351562,165.14999389648438,166.67999267578125,168.47999572753906,1188300.0,163.5854949951172,SWK
2020-01-24,169.30999755859375,165.17999267578125,168.7100067138672,166.47999572753906,1008800.0,161.64358520507812,SWK
2020-01-27,164.02999877929688,160.66000366210938,162.4199981689453,162.33999633789062,978300.0,157.62384033203125,SWK
2020-01-28,166.72999572753906,162.5800018310547,163.6699981689453,166.35000610351562,1204800.0,161.5173797607422,SWK
2020-01-29,164.38999938964844,158.33999633789062,159.19000244140625,162.75,2393400.0,158.02195739746094,SWK
2020-01-30,165.25,160.22000122070312,161.99000549316406,165.16000366210938,1391900.0,160.3619384765625,SWK
2020-01-31,165.0399932861328,158.83999633789062,163.9499969482422,159.3300018310547,1855300.0,154.70130920410156,SWK
2020-02-03,163.64999389648438,159.72000122070312,160.60000610351562,160.8699951171875,1173000.0,156.1965789794922,SWK
2020-02-04,167.10000610351562,163.22999572753906,163.24000549316406,165.8000030517578,1073300.0,160.9833526611328,SWK
2020-02-05,168.92999267578125,166.86000061035156,168.22000122070312,167.8699951171875,829100.0,162.99322509765625,SWK
2020-02-06,169.13999938964844,165.61000061035156,169.0500030517578,166.1199951171875,660300.0,161.29405212402344,SWK
2020-02-07,165.11000061035156,162.63999938964844,164.66000366210938,163.0500030517578,743800.0,158.31324768066406,SWK
2020-02-10,165.16000366210938,162.16000366210938,162.52999877929688,164.49000549316406,575000.0,159.71139526367188,SWK
2020-02-11,166.3000030517578,164.1199951171875,165.11000061035156,165.52999877929688,1003600.0,160.72119140625,SWK
2020-02-12,169.0399932861328,166.9499969482422,166.9499969482422,168.3699951171875,604400.0,163.47866821289062,SWK
2020-02-13,168.4199981689453,167.11000061035156,167.1300048828125,167.8800048828125,870500.0,163.0029296875,SWK
2020-02-14,168.63999938964844,165.99000549316406,167.88999938964844,166.97000122070312,545800.0,162.11936950683594,SWK
2020-02-18,166.35000610351562,163.52999877929688,166.30999755859375,164.92999267578125,859700.0,160.1386260986328,SWK
2020-02-19,166.4600067138672,160.41000366210938,165.5,161.7899932861328,1487900.0,157.08982849121094,SWK
2020-02-20,163.82000732421875,160.75999450683594,161.9199981689453,162.0500030517578,1091900.0,157.34228515625,SWK
2020-02-21,161.44000244140625,157.91000366210938,160.72999572753906,158.10000610351562,1571700.0,153.50706481933594,SWK
2020-02-24,153.49000549316406,150.02000427246094,153.11000061035156,151.0800018310547,1470300.0,146.69097900390625,SWK
2020-02-25,152.2100067138672,142.25999450683594,151.83999633789062,143.69000244140625,2734800.0,139.5156707763672,SWK
2020-02-26,148.13999938964844,141.92999267578125,145.22999572753906,142.2100067138672,2453600.0,138.07867431640625,SWK
2020-02-27,142.58999633789062,136.1300048828125,138.74000549316406,136.1300048828125,1998300.0,132.17530822753906,SWK
2020-02-28,147.08999633789062,131.0500030517578,131.33999633789062,143.6999969482422,3721900.0,139.52537536621094,SWK
2020-03-02,143.92999267578125,137.08999633789062,143.8699951171875,142.4199981689453,2475900.0,138.94973754882812,SWK
2020-03-03,144.58999633789062,132.6300048828125,141.4499969482422,134.35000610351562,2264600.0,131.07640075683594,SWK
2020-03-04,138.02999877929688,133.6999969482422,136.49000549316406,137.7100067138672,2337300.0,134.35455322265625,SWK
2020-03-05,135.77999877929688,126.62999725341797,134.63999938964844,127.62999725341797,2467100.0,124.52013397216797,SWK
2020-03-06,129.8800048828125,122.81999969482422,124.20999908447266,128.2100067138672,2488100.0,125.08600616455078,SWK
2020-03-09,122.83000183105469,118.06999969482422,119.66999816894531,120.0199966430664,2595100.0,117.0955581665039,SWK
2020-03-10,131.02000427246094,123.27999877929688,124.20999908447266,130.58999633789062,3157900.0,127.40800476074219,SWK
2020-03-11,127.12000274658203,121.4000015258789,126.11000061035156,122.18000030517578,1834000.0,119.20293426513672,SWK
2020-03-12,116.08000183105469,104.66000366210938,109.44999694824219,104.73999786376953,2776100.0,102.18788146972656,SWK
2020-03-13,111.51000213623047,99.62000274658203,110.66999816894531,109.08999633789062,2419500.0,106.431884765625,SWK
2020-03-16,99.72000122070312,82.9000015258789,99.52999877929688,86.63999938964844,3171800.0,84.52890014648438,SWK
2020-03-17,91.22000122070312,78.61000061035156,88.0199966430664,90.91000366210938,3685100.0,88.69486236572266,SWK
2020-03-18,87.73999786376953,72.38999938964844,84.08999633789062,78.33000183105469,4386300.0,76.42139434814453,SWK
2020-03-19,85.72000122070312,70.0,76.95999908447266,83.7699966430664,2124800.0,81.72883605957031,SWK
2020-03-20,89.56999969482422,78.83999633789062,85.12000274658203,79.44999694824219,3207600.0,77.51409149169922,SWK
2020-03-23,79.45999908447266,70.0,78.55999755859375,72.02999877929688,3138400.0,70.27489471435547,SWK
2020-03-24,92.1500015258789,76.06999969482422,76.7699966430664,90.2699966430664,2362700.0,88.0704574584961,SWK
2020-03-25,105.43000030517578,90.70999908447266,90.91000366210938,98.26000213623047,4179600.0,95.86576080322266,SWK
2020-03-26,108.22000122070312,98.55000305175781,100.31999969482422,107.23999786376953,2197600.0,104.62696075439453,SWK
2020-03-27,103.1500015258789,95.02999877929688,101.83000183105469,96.66000366210938,1814000.0,94.30475616455078,SWK
2020-03-30,101.31999969482422,94.05000305175781,95.11000061035156,100.37999725341797,1314000.0,97.93411254882812,SWK
2020-03-31,102.56999969482422,98.19000244140625,99.12000274658203,100.0,2102300.0,97.56336975097656,SWK
2020-04-01,95.33999633789062,88.54000091552734,94.16000366210938,92.12999725341797,1907900.0,89.8851318359375,SWK
2020-04-02,95.8499984741211,92.58999633789062,92.58999633789062,95.69000244140625,2042000.0,93.35840606689453,SWK
2020-04-03,96.87999725341797,93.45999908447266,94.69000244140625,95.2699966430664,2910900.0,92.94862365722656,SWK
2020-04-06,107.80000305175781,99.62999725341797,102.23999786376953,106.69000244140625,2021300.0,104.09036254882812,SWK
2020-04-07,114.66999816894531,107.22000122070312,112.52999877929688,107.4000015258789,1807500.0,104.78306579589844,SWK
2020-04-08,115.73999786376953,107.62000274658203,109.12999725341797,114.37999725341797,1757100.0,111.59298706054688,SWK
2020-04-09,120.5199966430664,115.54000091552734,116.76000213623047,119.37000274658203,2865300.0,116.46141052246094,SWK
2020-04-13,120.4000015258789,110.6500015258789,119.98999786376953,114.05000305175781,1468500.0,111.27104187011719,SWK
2020-04-14,118.18000030517578,114.70999908447266,116.69999694824219,115.52999877929688,1110600.0,112.71495819091797,SWK
2020-04-15,111.7699966430664,105.91000366210938,110.4000015258789,107.19000244140625,1793100.0,104.57818603515625,SWK
2020-04-16,107.27999877929688,104.2300033569336,107.27999877929688,106.70999908447266,1877100.0,104.10987091064453,SWK
2020-04-17,113.80000305175781,110.75,111.30999755859375,112.54000091552734,2101900.0,109.79782104492188,SWK
2020-04-20,112.45999908447266,106.62000274658203,108.88999938964844,110.4800033569336,1769900.0,107.78802490234375,SWK
2020-04-21,107.30999755859375,104.58000183105469,105.33999633789062,106.33999633789062,1449600.0,103.74889373779297,SWK
2020-04-22,109.55000305175781,105.05999755859375,109.01000213623047,107.37000274658203,1230900.0,104.75379943847656,SWK
2020-04-23,109.6500015258789,105.4000015258789,107.58999633789062,105.83000183105469,1536800.0,103.2513198852539,SWK
2020-04-24,109.0,104.26000213623047,106.75,107.73999786376953,2213000.0,105.11477661132812,SWK
2020-04-27,113.75,108.18000030517578,108.62000274658203,112.73999786376953,1433800.0,109.9929428100586,SWK
2020-04-28,119.81999969482422,114.4000015258789,114.4000015258789,117.81999969482422,1922600.0,114.94916534423828,SWK
2020-04-29,124.01000213623047,120.66999816894531,121.26000213623047,122.08999633789062,1899000.0,119.11511993408203,SWK
2020-04-30,116.12999725341797,108.01000213623047,112.30999755859375,110.19999694824219,4677700.0,107.51483154296875,SWK
2020-05-01,110.7300033569336,106.1500015258789,107.7699966430664,106.5,2648900.0,103.90498352050781,SWK
2020-05-04,106.48999786376953,101.5,104.8499984741211,103.93000030517578,2294500.0,101.39761352539062,SWK
2020-05-05,108.63999938964844,104.83000183105469,105.52999877929688,107.12000274658203,2229100.0,104.5098876953125,SWK
2020-05-06,107.94999694824219,104.86000061035156,107.2300033569336,106.11000061035156,1625200.0,103.52449798583984,SWK
2020-05-07,110.4800033569336,107.33000183105469,107.33000183105469,109.9800033569336,2742600.0,107.30020141601562,SWK
2020-05-08,117.5,111.83000183105469,112.0,117.33000183105469,3029200.0,114.47111511230469,SWK
2020-05-11,116.5,112.02999877929688,115.66000366210938,113.58000183105469,1487300.0,110.81248474121094,SWK
2020-05-12,113.23999786376953,108.72000122070312,111.41000366210938,108.72000122070312,2583500.0,106.0708999633789,SWK
2020-05-13,108.0,101.18000030517578,107.97000122070312,102.38999938964844,1994600.0,99.8951416015625,SWK
2020-05-14,104.75,97.63999938964844,100.05999755859375,104.44999694824219,2350000.0,101.90493774414062,SWK
2020-05-15,109.7699966430664,102.80000305175781,103.22000122070312,107.83999633789062,1827800.0,105.21234130859375,SWK
2020-05-18,121.36000061035156,112.94000244140625,113.18000030517578,120.66000366210938,1889000.0,117.719970703125,SWK
2020-05-19,125.08000183105469,119.55000305175781,125.0,121.88999938964844,2203400.0,118.91999053955078,SWK
2020-05-20,127.98999786376953,123.68000030517578,123.68000030517578,127.12999725341797,2032200.0,124.03231048583984,SWK
2020-05-21,128.0399932861328,122.98999786376953,126.62000274658203,123.5199966430664,1234100.0,120.5102767944336,SWK
2020-05-22,124.36000061035156,120.87000274658203,123.98999786376953,121.48999786376953,1536700.0,118.52974700927734,SWK
2020-05-26,129.4499969482422,125.97000122070312,127.88999938964844,128.10000610351562,1829700.0,124.97869110107422,SWK
2020-05-27,136.80999755859375,131.36000061035156,133.67999267578125,132.83999633789062,2673400.0,129.6031951904297,SWK
2020-05-28,134.02000427246094,126.19999694824219,133.77999877929688,126.48999786376953,1272300.0,123.40791320800781,SWK
2020-05-29,127.38999938964844,121.80000305175781,125.23999786376953,125.44999694824219,1852700.0,122.39324951171875,SWK
2020-06-01,126.77999877929688,123.56999969482422,125.02999877929688,125.08999633789062,1086600.0,122.71698760986328,SWK
2020-06-02,131.1199951171875,126.05999755859375,126.94999694824219,131.1199951171875,1301500.0,128.63259887695312,SWK
2020-06-03,141.75,133.8300018310547,133.8300018310547,137.9499969482422,1732700.0,135.33303833007812,SWK
2020-06-04,142.63999938964844,136.22000122070312,136.91000366210938,142.5,1373000.0,139.79672241210938,SWK
2020-06-05,154.4199981689453,145.77000427246094,150.63999938964844,146.63999938964844,2250500.0,143.85816955566406,SWK
2020-06-08,151.8000030517578,147.10000610351562,147.5399932861328,148.22999572753906,1997200.0,145.4180145263672,SWK
2020-06-09,145.99000549316406,141.02000427246094,144.7100067138672,141.22999572753906,2327900.0,138.55081176757812,SWK
2020-06-10,140.91000366210938,136.42999267578125,140.8699951171875,136.47999572753906,1626200.0,133.8909149169922,SWK
2020-06-11,133.86000061035156,127.55000305175781,129.5399932861328,128.4499969482422,1829000.0,126.01325225830078,SWK
2020-06-12,136.13999938964844,126.16000366210938,134.72999572753906,131.08999633789062,2604600.0,128.60316467285156,SWK
2020-06-15,135.85000610351562,124.73999786376953,125.33000183105469,135.3800048828125,2018500.0,132.81179809570312,SWK
2020-06-16,143.97000122070312,135.42999267578125,142.3800048828125,138.32000732421875,1658100.0,135.69601440429688,SWK
2020-06-17,139.2899932861328,134.75999450683594,138.72000122070312,135.30999755859375,1076800.0,132.74310302734375,SWK
2020-06-18,138.30999755859375,133.00999450683594,134.08999633789062,136.75999450683594,1518800.0,134.1656036376953,SWK
2020-06-19,140.3699951171875,133.9199981689453,140.0,133.9199981689453,2361700.0,131.3794708251953,SWK
2020-06-22,135.80999755859375,131.8300018310547,133.02000427246094,135.41000366210938,1047800.0,132.84121704101562,SWK
2020-06-23,137.75,135.5500030517578,137.22000122070312,135.67999267578125,947000.0,133.10609436035156,SWK
2020-06-24,134.36000061035156,129.8800048828125,133.80999755859375,131.08999633789062,1127900.0,128.60316467285156,SWK
2020-06-25,136.00999450683594,129.55999755859375,129.99000549316406,135.58999633789062,1617500.0,133.01779174804688,SWK
2020-06-26,136.7100067138672,133.25999450683594,134.85000610351562,136.27000427246094,1820200.0,133.68490600585938,SWK
2020-06-29,138.39999389648438,135.1199951171875,137.92999267578125,136.1199951171875,1158500.0,133.53773498535156,SWK
2020-06-30,140.24000549316406,135.25999450683594,135.44000244140625,139.3800048828125,1394700.0,136.7359161376953,SWK
2020-07-01,140.6999969482422,134.94000244140625,139.4199981689453,135.61000061035156,1285900.0,133.0374298095703,SWK
2020-07-02,141.9499969482422,136.82000732421875,138.0,138.13999938964844,975400.0,135.51943969726562,SWK
2020-07-06,142.19000244140625,139.47000122070312,141.4499969482422,141.08999633789062,887000.0,138.41346740722656,SWK
2020-07-07,140.00999450683594,137.97000122070312,139.30999755859375,138.88999938964844,817200.0,136.2552032470703,SWK
2020-07-08,139.80999755859375,137.11000061035156,139.42999267578125,139.27999877929688,729800.0,136.63778686523438,SWK
2020-07-09,139.69000244140625,135.16000366210938,138.97000122070312,137.0399932861328,860800.0,134.44029235839844,SWK
2020-07-10,140.0800018310547,137.11000061035156,137.67999267578125,139.9199981689453,649200.0,137.26565551757812,SWK
2020-07-13,145.74000549316406,140.47000122070312,141.41000366210938,142.0399932861328,1161000.0,139.34542846679688,SWK
2020-07-14,146.9600067138672,139.88999938964844,141.3000030517578,146.42999267578125,1131100.0,143.65216064453125,SWK
2020-07-15,152.9199981689453,148.6699981689453,150.11000061035156,151.50999450683594,1394800.0,148.6357879638672,SWK
2020-07-16,153.47999572753906,149.1300048828125,151.07000732421875,152.82000732421875,924500.0,149.9209442138672,SWK
2020-07-17,154.3300018310547,152.5399932861328,153.9600067138672,153.36000061035156,604500.0,150.45069885253906,SWK
2020-07-20,153.0,150.5,152.2899932861328,152.2100067138672,762100.0,149.32252502441406,SWK
2020-07-21,154.77000427246094,152.1199951171875,153.72999572753906,153.7899932861328,831700.0,150.87252807617188,SWK
2020-07-22,155.17999267578125,151.85000610351562,153.6999969482422,152.30999755859375,1089000.0,149.4206085205078,SWK
2020-07-23,154.25,151.24000549316406,152.92999267578125,152.36000061035156,1098500.0,149.46966552734375,SWK
2020-07-24,153.4199981689453,150.58999633789062,152.6999969482422,152.91000366210938,1440200.0,150.0092315673828,SWK
2020-07-27,158.33999633789062,151.5800018310547,152.77000427246094,157.61000061035156,1153100.0,154.62005615234375,SWK
2020-07-28,156.66000366210938,152.30999755859375,156.3699951171875,152.7100067138672,1488700.0,149.81301879882812,SWK
2020-07-29,156.24000549316406,153.27000427246094,153.27000427246094,156.0800018310547,1504700.0,153.1190948486328,SWK
2020-07-30,157.13999938964844,150.50999450683594,154.08999633789062,154.4600067138672,1151500.0,151.5298309326172,SWK
2020-07-31,154.4499969482422,148.8800048828125,154.0,153.32000732421875,1558700.0,150.41146850585938,SWK
2020-08-03,155.8300018310547,153.0,154.27000427246094,154.39999389648438,885600.0,151.47096252441406,SWK
2020-08-04,155.9600067138672,153.5800018310547,153.83999633789062,154.64999389648438,969800.0,151.7162322998047,SWK
2020-08-05,157.89999389648438,155.41000366210938,155.64999389648438,157.3000030517578,906400.0,154.31594848632812,SWK
2020-08-06,157.4600067138672,154.75,156.5800018310547,155.0399932861328,699200.0,152.09881591796875,SWK
2020-08-07,157.35000610351562,154.3300018310547,155.17999267578125,157.25999450683594,765700.0,154.27670288085938,SWK
2020-08-10,160.74000549316406,157.02000427246094,157.5,159.97000122070312,1601800.0,156.935302734375,SWK
2020-08-11,164.24000549316406,160.63999938964844,161.5800018310547,161.41000366210938,1629600.0,158.34799194335938,SWK
2020-08-12,162.97999572753906,159.27999877929688,162.69000244140625,160.33999633789062,841200.0,157.29827880859375,SWK
2020-08-13,160.22000122070312,158.32000732421875,159.0500030517578,158.39999389648438,911900.0,155.3950653076172,SWK
2020-08-14,159.99000549316406,157.02999877929688,157.94000244140625,158.77999877929688,695200.0,155.76788330078125,SWK
2020-08-17,160.17999267578125,158.4199981689453,159.0,159.77000427246094,686300.0,156.73910522460938,SWK
2020-08-18,161.9499969482422,159.55999755859375,159.80999755859375,159.9199981689453,948300.0,156.88624572753906,SWK
2020-08-19,160.7899932861328,158.5399932861328,160.11000061035156,158.97000122070312,600700.0,155.95425415039062,SWK
2020-08-20,158.5500030517578,156.27000427246094,157.22999572753906,158.14999389648438,776100.0,155.1498260498047,SWK
2020-08-21,159.7899932861328,157.6999969482422,158.14999389648438,159.17999267578125,571000.0,156.1602783203125,SWK
2020-08-24,161.0399932861328,159.41000366210938,160.14999389648438,160.3699951171875,764400.0,157.32769775390625,SWK
2020-08-25,161.66000366210938,158.57000732421875,161.33999633789062,159.7100067138672,534400.0,156.6802520751953,SWK
2020-08-26,160.42999267578125,158.5399932861328,159.38999938964844,159.6999969482422,670300.0,156.67041015625,SWK
2020-08-27,161.72000122070312,159.3800048828125,161.1199951171875,159.47999572753906,455300.0,156.45458984375,SWK
2020-08-28,165.5800018310547,161.1699981689453,161.72999572753906,165.52000427246094,1479800.0,162.38002014160156,SWK
2020-08-31,164.85000610351562,161.1300048828125,164.85000610351562,161.3000030517578,968800.0,158.912109375,SWK
2020-09-01,165.86000061035156,160.30999755859375,160.38999938964844,165.33999633789062,1156200.0,162.89231872558594,SWK
2020-09-02,168.25,165.02000427246094,165.58999633789062,166.25,1123800.0,163.78884887695312,SWK
2020-09-03,166.74000549316406,159.0,166.57000732421875,160.52999877929688,929000.0,158.1535186767578,SWK
2020-09-04,163.63999938964844,157.9199981689453,162.92999267578125,160.1300048828125,653700.0,157.75946044921875,SWK
2020-09-08,159.13999938964844,154.97999572753906,158.36000061035156,155.60000610351562,972900.0,153.2965087890625,SWK
2020-09-09,159.66000366210938,156.60000610351562,156.60000610351562,157.60000610351562,964000.0,155.26690673828125,SWK
2020-09-10,161.00999450683594,156.64999389648438,158.19000244140625,157.24000549316406,826100.0,154.91224670410156,SWK
2020-09-11,160.42999267578125,156.80999755859375,157.3699951171875,159.00999450683594,648200.0,156.65602111816406,SWK
2020-09-14,163.7100067138672,161.11000061035156,161.61000061035156,162.35000610351562,836500.0,159.94659423828125,SWK
2020-09-15,164.75,162.0800018310547,163.1300048828125,162.83999633789062,700800.0,160.42930603027344,SWK
2020-09-16,167.35000610351562,162.72000122070312,163.6699981689453,165.36000061035156,834500.0,162.91201782226562,SWK
2020-09-17,167.0800018310547,160.88999938964844,162.72999572753906,164.25,1014900.0,161.81845092773438,SWK
2020-09-18,164.86000061035156,159.80999755859375,163.6999969482422,160.3300018310547,2264900.0,157.95648193359375,SWK
2020-09-21,156.86000061035156,152.19000244140625,156.0800018310547,154.42999267578125,1273100.0,152.14382934570312,SWK
2020-09-22,157.5500030517578,153.91000366210938,154.83999633789062,157.4600067138672,715800.0,155.1289825439453,SWK
2020-09-23,160.1199951171875,156.39999389648438,157.94000244140625,156.72000122070312,985700.0,154.39991760253906,SWK
2020-09-24,159.77000427246094,155.0,156.3699951171875,157.22000122070312,798900.0,154.89251708984375,SWK
2020-09-25,161.25999450683594,155.9499969482422,156.1199951171875,159.92999267578125,715500.0,157.56239318847656,SWK
2020-09-28,165.4199981689453,161.7899932861328,162.52999877929688,164.07000732421875,1142300.0,161.64111328125,SWK
2020-09-29,164.52999877929688,160.94000244140625,164.1999969482422,161.47999572753906,924900.0,159.08946228027344,SWK
2020-09-30,165.0800018310547,161.02000427246094,162.22999572753906,162.1999969482422,884700.0,159.79879760742188,SWK
2020-10-01,165.4199981689453,161.1999969482422,163.5800018310547,162.6300048828125,793100.0,160.22244262695312,SWK
2020-10-02,167.4600067138672,158.9199981689453,160.02999877929688,164.80999755859375,726300.0,162.3701629638672,SWK
2020-10-05,169.77000427246094,164.6699981689453,166.99000549316406,169.30999755859375,734800.0,166.8035430908203,SWK
2020-10-06,170.74000549316406,166.74000549316406,169.8000030517578,166.86000061035156,1075100.0,164.3898162841797,SWK
2020-10-07,172.3300018310547,169.22000122070312,169.67999267578125,172.0,852100.0,169.45370483398438,SWK
2020-10-08,174.52000427246094,171.92999267578125,173.0,173.58999633789062,757900.0,171.02017211914062,SWK
2020-10-09,179.42999267578125,174.4499969482422,175.0,176.66000366210938,1682000.0,174.04473876953125,SWK
2020-10-12,179.5,176.55999755859375,176.55999755859375,177.97000122070312,910900.0,175.33534240722656,SWK
2020-10-13,179.1199951171875,174.72000122070312,176.63999938964844,177.94000244140625,1211900.0,175.3057861328125,SWK
2020-10-14,180.25999450683594,177.0,178.19000244140625,177.52000427246094,654900.0,174.89199829101562,SWK
2020-10-15,177.0500030517578,173.83999633789062,175.30999755859375,176.64999389648438,1032100.0,174.03488159179688,SWK
2020-10-16,178.85000610351562,176.27000427246094,177.5500030517578,176.3800048828125,952300.0,173.76889038085938,SWK
2020-10-19,176.72000122070312,172.63999938964844,176.72000122070312,173.58999633789062,756800.0,171.02017211914062,SWK
2020-10-20,178.02000427246094,174.00999450683594,175.5800018310547,175.6999969482422,847500.0,173.09893798828125,SWK
2020-10-21,177.66000366210938,174.33999633789062,175.2100067138672,174.38999938964844,754000.0,171.80833435058594,SWK
2020-10-22,178.2899932861328,175.5399932861328,176.30999755859375,178.00999450683594,1159700.0,175.37474060058594,SWK
2020-10-23,180.94000244140625,176.19000244140625,179.8000030517578,178.00999450683594,593700.0,175.37474060058594,SWK
2020-10-26,175.38999938964844,171.47000122070312,175.38999938964844,172.86000061035156,1077900.0,170.30101013183594,SWK
2020-10-27,171.55999755859375,164.00999450683594,166.5,166.30999755859375,2731000.0,163.84796142578125,SWK
2020-10-28,166.99000549316406,162.4600067138672,163.25999450683594,162.5500030517578,1447500.0,160.14361572265625,SWK
2020-10-29,166.49000549316406,161.8000030517578,162.5,165.33999633789062,1408800.0,162.89231872558594,SWK
2020-10-30,166.83999633789062,162.3000030517578,164.67999267578125,166.1999969482422,1476300.0,163.7395782470703,SWK
2020-11-02,171.6699981689453,166.72000122070312,169.6699981689453,168.7100067138672,1158000.0,166.21243286132812,SWK
2020-11-03,174.80999755859375,171.3699951171875,171.75,173.6300048828125,954600.0,171.05958557128906,SWK
2020-11-04,177.58999633789062,169.0,172.86000061035156,175.60000610351562,1356500.0,173.0004425048828,SWK
2020-11-05,180.8000030517578,177.50999450683594,178.0,177.8300018310547,781400.0,175.19741821289062,SWK
2020-11-06,179.89999389648438,175.8000030517578,177.75999450683594,178.85000610351562,787900.0,176.2023162841797,SWK
2020-11-09,190.6199951171875,176.97000122070312,189.2899932861328,177.41000366210938,1719100.0,174.7836456298828,SWK
2020-11-10,180.61000061035156,175.97999572753906,177.27000427246094,178.7899932861328,1008600.0,176.1431884765625,SWK
2020-11-11,181.3300018310547,175.86000061035156,179.58999633789062,180.88999938964844,1343900.0,178.21209716796875,SWK
2020-11-12,181.47000122070312,175.9499969482422,180.2100067138672,177.72000122070312,672500.0,175.0890350341797,SWK
2020-11-13,182.1699981689453,178.82000732421875,178.82000732421875,181.39999389648438,626900.0,178.71456909179688,SWK
2020-11-16,186.10000610351562,182.66000366210938,184.44000244140625,186.0399932861328,737300.0,183.28587341308594,SWK
2020-11-17,185.60000610351562,180.80999755859375,184.83999633789062,184.52999877929688,818400.0,181.7982177734375,SWK
2020-11-18,186.8000030517578,184.1999969482422,185.5800018310547,184.27000427246094,788400.0,181.54208374023438,SWK
2020-11-19,186.67999267578125,182.82000732421875,183.74000549316406,186.50999450683594,694900.0,183.74893188476562,SWK
2020-11-20,187.27000427246094,185.0,186.3699951171875,185.9600067138672,861700.0,183.20706176757812,SWK
2020-11-23,191.5,187.0,187.11000061035156,190.94000244140625,876700.0,188.11334228515625,SWK
2020-11-24,195.0,190.08999633789062,192.5,190.74000549316406,1149800.0,187.91629028320312,SWK
2020-11-25,190.05999755859375,186.07000732421875,189.6199951171875,186.39999389648438,1185300.0,183.64053344726562,SWK
2020-11-27,188.92999267578125,186.77999877929688,187.10000610351562,187.7100067138672,293800.0,184.93116760253906,SWK
2020-11-30,187.52999877929688,182.82000732421875,186.6300048828125,184.30999755859375,1109700.0,182.2611541748047,SWK
2020-12-01,188.6300048828125,181.89999389648438,187.63999938964844,181.9199981689453,1118400.0,179.89772033691406,SWK
2020-12-02,180.64999389648438,177.94000244140625,179.8000030517578,178.6199951171875,877900.0,176.63441467285156,SWK
2020-12-03,182.22999572753906,177.4600067138672,178.13999938964844,179.02000427246094,1406800.0,177.02996826171875,SWK
2020-12-04,181.85000610351562,178.3800048828125,180.42999267578125,180.85000610351562,1163300.0,178.83963012695312,SWK
2020-12-07,180.0,176.50999450683594,179.6999969482422,178.4499969482422,1407100.0,176.46630859375,SWK
2020-12-08,177.92999267578125,175.2899932861328,177.07000732421875,177.22000122070312,856200.0,175.24998474121094,SWK
2020-12-09,179.3000030517578,176.99000549316406,178.6199951171875,178.2899932861328,820900.0,176.30807495117188,SWK
2020-12-10,178.75,174.41000366210938,176.8300018310547,177.63999938964844,1201700.0,175.66531372070312,SWK
2020-12-11,177.3300018310547,173.61000061035156,175.6999969482422,175.1999969482422,879000.0,173.25242614746094,SWK
2020-12-14,177.0399932861328,170.3000030517578,176.8800048828125,170.39999389648438,1190000.0,168.50579833984375,SWK
2020-12-15,176.55999755859375,171.7100067138672,172.13999938964844,176.3300018310547,1141900.0,174.36988830566406,SWK
2020-12-16,185.30999755859375,179.02999877929688,181.0500030517578,179.44000244140625,3141100.0,177.44529724121094,SWK
2020-12-17,183.94000244140625,180.0800018310547,182.0,182.08999633789062,1752200.0,180.0658416748047,SWK
2020-12-18,183.66000366210938,179.11000061035156,182.5,181.52000427246094,1501100.0,179.502197265625,SWK
2020-12-21,181.8800048828125,177.25999450683594,178.4600067138672,181.27000427246094,766800.0,179.25497436523438,SWK
2020-12-22,180.97000122070312,178.47000122070312,180.6999969482422,179.02000427246094,601500.0,177.02996826171875,SWK
2020-12-23,180.3000030517578,177.2100067138672,179.02999877929688,177.89999389648438,647800.0,175.92242431640625,SWK
2020-12-24,180.1699981689453,177.52999877929688,178.63999938964844,179.9199981689453,243200.0,177.9199676513672,SWK
2020-12-28,181.39999389648438,176.69000244140625,181.07000732421875,177.2899932861328,486800.0,175.31919860839844,SWK
2020-12-29,178.14999389648438,174.35000610351562,178.14999389648438,176.27000427246094,722500.0,174.31053161621094,SWK
2020-12-30,178.88999938964844,176.25,176.25,178.3000030517578,509300.0,176.31797790527344,SWK
2020-12-31,179.17999267578125,177.0,178.0399932861328,178.55999755859375,757300.0,176.57508850097656,SWK
2021-01-04,175.4199981689453,167.66000366210938,169.83999633789062,169.35000610351562,2230100.0,167.46746826171875,SWK
2021-01-05,171.83999633789062,168.72999572753906,169.86000061035156,170.1300048828125,1405200.0,168.23880004882812,SWK
2021-01-06,178.44000244140625,171.14999389648438,171.14999389648438,176.24000549316406,1303300.0,174.2808837890625,SWK
2021-01-07,178.25999450683594,174.49000549316406,177.27000427246094,177.4199981689453,1054500.0,175.44775390625,SWK
2021-01-08,178.75999450683594,173.88999938964844,177.91000366210938,176.72999572753906,907100.0,174.7654266357422,SWK
2021-01-11,177.0,174.08999633789062,174.08999633789062,176.35000610351562,698900.0,174.38966369628906,SWK
2021-01-12,179.52000427246094,175.57000732421875,176.1199951171875,176.47000122070312,1191400.0,174.50833129882812,SWK
2021-01-13,177.3699951171875,172.52999877929688,175.91000366210938,173.42999267578125,2085500.0,171.5021209716797,SWK
2021-01-14,175.88999938964844,171.36000061035156,174.7899932861328,173.1699981689453,1505200.0,171.2449951171875,SWK
2021-01-15,173.8699951171875,168.77000427246094,172.8300018310547,172.6300048828125,1255100.0,170.7110137939453,SWK
2021-01-19,177.7899932861328,173.14999389648438,174.02999877929688,176.55999755859375,1531700.0,174.59730529785156,SWK
2021-01-20,177.8699951171875,174.41000366210938,177.25999450683594,176.05999755859375,1115100.0,174.10287475585938,SWK
2021-01-21,178.3300018310547,175.10000610351562,175.7100067138672,177.00999450683594,1380900.0,175.0423126220703,SWK
2021-01-22,177.3300018310547,174.3000030517578,176.52999877929688,175.2100067138672,1252600.0,173.2623291015625,SWK
2021-01-25,177.36000061035156,173.5,174.74000549316406,174.99000549316406,1113800.0,173.04476928710938,SWK
2021-01-26,178.1999969482422,174.3699951171875,176.49000549316406,176.6199951171875,945100.0,174.65664672851562,SWK
2021-01-27,175.30999755859375,169.5,173.66000366210938,173.35000610351562,1994600.0,171.42300415039062,SWK
2021-01-28,183.11000061035156,175.8800048828125,179.89999389648438,180.02000427246094,2632000.0,178.01885986328125,SWK
2021-01-29,179.02999877929688,173.1699981689453,178.6199951171875,173.49000549316406,1538500.0,171.56146240234375,SWK
2021-02-01,176.97000122070312,170.39999389648438,176.55999755859375,174.27999877929688,1329900.0,172.34266662597656,SWK
2021-02-02,178.13999938964844,175.27000427246094,175.47999572753906,177.1199951171875,1210400.0,175.15109252929688,SWK
2021-02-03,177.17999267578125,173.49000549316406,176.47999572753906,174.35000610351562,1223700.0,172.41189575195312,SWK
2021-02-04,177.5,174.6199951171875,175.66000366210938,175.63999938964844,1104700.0,173.6875457763672,SWK
2021-02-05,179.22999572753906,175.9499969482422,178.0,176.63999938964844,1123400.0,174.67642211914062,SWK
2021-02-08,178.27999877929688,174.6199951171875,177.60000610351562,175.67999267578125,1165300.0,173.7270965576172,SWK
2021-02-09,176.39999389648438,173.0800018310547,175.69000244140625,175.5800018310547,826100.0,173.62820434570312,SWK
2021-02-10,178.2100067138672,174.69000244140625,176.3000030517578,177.3000030517578,889200.0,175.32908630371094,SWK
2021-02-11,178.77999877929688,172.83999633789062,178.3000030517578,174.75,1119100.0,172.80743408203125,SWK
2021-02-12,176.19000244140625,174.13999938964844,174.4499969482422,175.57000732421875,966600.0,173.6183319091797,SWK
2021-02-16,177.22000122070312,171.25999450683594,177.22000122070312,171.66000366210938,1396900.0,169.7517852783203,SWK
2021-02-17,171.8300018310547,169.42999267578125,170.7899932861328,170.47000122070312,1495200.0,168.57501220703125,SWK
2021-02-18,173.27000427246094,169.6300048828125,169.63999938964844,171.97999572753906,1239800.0,170.0682373046875,SWK
2021-02-19,176.1300048828125,173.14999389648438,173.55999755859375,175.07000732421875,1205100.0,173.12388610839844,SWK
2021-02-22,174.8800048828125,172.3000030517578,173.72000122070312,173.50999450683594,968600.0,171.5812225341797,SWK
2021-02-23,173.9199981689453,169.6999969482422,173.64999389648438,172.9199981689453,950000.0,170.99777221679688,SWK
2021-02-24,177.47000122070312,171.55999755859375,172.35000610351562,174.97999572753906,1962500.0,173.0348663330078,SWK
2021-02-25,176.5399932861328,173.5800018310547,175.5,174.6199951171875,1372100.0,172.6788787841797,SWK
2021-02-26,176.64999389648438,173.4499969482422,174.77000427246094,174.83999633789062,1322100.0,172.8964385986328,SWK
2021-03-01,181.88999938964844,176.47000122070312,176.72000122070312,180.72999572753906,1169200.0,178.72096252441406,SWK
2021-03-02,186.32000732421875,180.27999877929688,180.6999969482422,185.47000122070312,2358000.0,183.40826416015625,SWK
2021-03-03,187.0,183.9199981689453,185.14999389648438,184.75999450683594,1632200.0,182.70616149902344,SWK
2021-03-04,184.9499969482422,178.11000061035156,184.33999633789062,181.3300018310547,1455800.0,179.3142852783203,SWK
2021-03-05,186.7899932861328,179.60000610351562,182.9199981689453,185.30999755859375,1876800.0,183.2500457763672,SWK
2021-03-08,189.0,183.80999755859375,185.42999267578125,186.60000610351562,994400.0,185.2253875732422,SWK
2021-03-09,190.00999450683594,187.17999267578125,187.6999969482422,187.9499969482422,1193800.0,186.5654296875,SWK
2021-03-10,192.94000244140625,187.92999267578125,189.22000122070312,191.14999389648438,1126400.0,189.7418670654297,SWK
2021-03-11,194.4600067138672,190.3699951171875,191.47999572753906,191.97999572753906,906100.0,190.5657501220703,SWK
2021-03-12,194.94000244140625,189.4499969482422,193.5800018310547,190.4600067138672,1044300.0,189.0569610595703,SWK
2021-03-15,193.9600067138672,189.5,190.6199951171875,193.13999938964844,888300.0,191.7172088623047,SWK
2021-03-16,193.2899932861328,189.17999267578125,192.6699981689453,190.1300048828125,892600.0,188.72938537597656,SWK
2021-03-17,195.0500030517578,190.0399932861328,190.52999877929688,194.92999267578125,1358400.0,193.4940185546875,SWK
2021-03-18,199.0,194.77999877929688,195.0500030517578,197.22999572753906,2466300.0,195.77706909179688,SWK
2021-03-19,199.39999389648438,195.47999572753906,198.49000549316406,196.6699981689453,2629600.0,195.22120666503906,SWK
2021-03-22,197.1199951171875,192.75999450683594,196.9499969482422,195.7899932861328,863800.0,194.34768676757812,SWK
2021-03-23,197.0800018310547,191.27000427246094,193.82000732421875,192.77000427246094,887900.0,191.34994506835938,SWK
2021-03-24,197.67999267578125,193.6199951171875,193.6199951171875,194.3800048828125,898100.0,192.9480743408203,SWK
2021-03-25,196.89999389648438,190.80999755859375,194.0,195.7899932861328,2235200.0,194.34768676757812,SWK
2021-03-26,202.30999755859375,195.32000732421875,195.7899932861328,202.07000732421875,1093500.0,200.58143615722656,SWK
2021-03-29,203.30999755859375,199.32000732421875,202.0800018310547,199.47000122070312,792400.0,198.00059509277344,SWK
2021-03-30,201.55999755859375,199.3699951171875,199.5800018310547,200.41000366210938,1376800.0,198.9336700439453,SWK
2021-03-31,201.91000366210938,198.4600067138672,199.97000122070312,199.6699981689453,1037700.0,198.19911193847656,SWK
2021-04-01,201.47999572753906,197.7100067138672,201.14999389648438,200.66000366210938,1160800.0,199.1818084716797,SWK
2021-04-05,203.8300018310547,201.3699951171875,202.42999267578125,202.4199981689453,794100.0,200.92884826660156,SWK
2021-04-06,204.60000610351562,201.97000122070312,202.80999755859375,203.97000122070312,928700.0,202.46743774414062,SWK
2021-04-07,204.6999969482422,199.57000732421875,203.97999572753906,200.24000549316406,717200.0,198.76490783691406,SWK
2021-04-08,199.92999267578125,197.3300018310547,199.8800048828125,199.47999572753906,750400.0,198.01051330566406,SWK
2021-04-09,202.07000732421875,199.41000366210938,200.72000122070312,201.91000366210938,987500.0,200.422607421875,SWK
2021-04-12,204.5399932861328,201.9199981689453,202.22999572753906,204.13999938964844,1282400.0,202.63616943359375,SWK
2021-04-13,203.0,200.91000366210938,203.0,202.44000244140625,728400.0,200.94869995117188,SWK
2021-04-14,203.4499969482422,200.89999389648438,201.99000549316406,201.42999267578125,566900.0,199.94613647460938,SWK
2021-04-15,203.74000549316406,201.27999877929688,202.6199951171875,202.6999969482422,1012400.0,201.20677185058594,SWK
2021-04-16,206.66000366210938,203.75999450683594,204.3300018310547,205.3800048828125,1159100.0,203.86705017089844,SWK
2021-04-19,207.4499969482422,204.49000549316406,205.22999572753906,205.88999938964844,2379200.0,204.373291015625,SWK
2021-04-20,206.5500030517578,201.8000030517578,205.3300018310547,202.94000244140625,1076300.0,201.4450225830078,SWK
2021-04-21,207.4499969482422,202.30999755859375,203.00999450683594,206.33999633789062,1244500.0,204.81996154785156,SWK
2021-04-22,209.49000549316406,206.0500030517578,207.91000366210938,207.1199951171875,856800.0,205.59422302246094,SWK
2021-04-23,210.16000366210938,207.5399932861328,208.27999877929688,209.08999633789062,1030900.0,207.54971313476562,SWK
2021-04-26,211.4199981689453,206.11000061035156,211.05999755859375,206.47999572753906,848600.0,204.9589385986328,SWK
2021-04-27,208.13999938964844,205.08999633789062,206.6199951171875,207.92999267578125,918800.0,206.39825439453125,SWK
2021-04-28,211.42999267578125,205.47000122070312,207.86000061035156,206.5500030517578,1779300.0,205.02842712402344,SWK
2021-04-29,210.6999969482422,207.6999969482422,208.9199981689453,209.49000549316406,1022500.0,207.94677734375,SWK
2021-04-30,207.92999267578125,205.64999389648438,207.0,206.77000427246094,1457000.0,205.24681091308594,SWK
2021-05-03,211.91000366210938,207.49000549316406,208.72000122070312,210.57000732421875,1851800.0,209.01881408691406,SWK
2021-05-04,213.52000427246094,209.4199981689453,210.4499969482422,210.72000122070312,1904300.0,209.16770935058594,SWK
2021-05-05,217.77000427246094,210.3699951171875,210.64999389648438,213.11000061035156,1541700.0,211.54010009765625,SWK
2021-05-06,217.6999969482422,214.0,214.0,217.39999389648438,1321700.0,215.79849243164062,SWK
2021-05-07,220.36000061035156,215.91000366210938,217.39999389648438,219.69000244140625,1297500.0,218.07164001464844,SWK
2021-05-10,225.0,220.24000549316406,221.0,220.69000244140625,1556500.0,219.06427001953125,SWK
2021-05-11,220.0,214.25,219.0,217.69000244140625,1011500.0,216.08636474609375,SWK
2021-05-12,217.52999877929688,209.72000122070312,216.72000122070312,209.88999938964844,1405200.0,208.3438262939453,SWK
2021-05-13,216.8000030517578,210.64999389648438,211.0500030517578,216.10000610351562,1512600.0,214.50807189941406,SWK
2021-05-14,218.49000549316406,215.6999969482422,217.10000610351562,216.00999450683594,907100.0,214.41873168945312,SWK
2021-05-17,216.5500030517578,213.8000030517578,216.0,214.8300018310547,728300.0,213.2474365234375,SWK
2021-05-18,216.08999633789062,211.52999877929688,215.52999877929688,211.8699951171875,917900.0,210.30923461914062,SWK
2021-05-19,209.86000061035156,206.16000366210938,209.41000366210938,208.58999633789062,1157700.0,207.0533905029297,SWK
2021-05-20,210.58999633789062,207.85000610351562,210.0,209.2100067138672,1108100.0,207.66883850097656,SWK
2021-05-21,212.7899932861328,209.83999633789062,209.97999572753906,210.11000061035156,962500.0,208.5622100830078,SWK
2021-05-24,212.7899932861328,210.0399932861328,212.30999755859375,211.58999633789062,1321900.0,210.0312957763672,SWK
2021-05-25,214.1999969482422,212.1199951171875,212.36000061035156,212.19000244140625,1181300.0,210.6268768310547,SWK
2021-05-26,214.1300048828125,212.00999450683594,212.63999938964844,212.63999938964844,909500.0,211.0735626220703,SWK
2021-05-27,214.9499969482422,213.5399932861328,214.82000732421875,214.3800048828125,1194900.0,212.80075073242188,SWK
2021-05-28,217.2100067138672,214.55999755859375,215.47000122070312,216.8000030517578,858100.0,215.2029266357422,SWK
2021-06-01,219.58999633789062,214.8800048828125,218.9499969482422,215.88999938964844,800600.0,214.29962158203125,SWK
2021-06-02,216.4600067138672,212.61000061035156,215.9499969482422,213.02999877929688,723000.0,211.460693359375,SWK
2021-06-03,213.22999572753906,210.07000732421875,212.32000732421875,212.22000122070312,834000.0,210.6566619873047,SWK
2021-06-04,213.35000610351562,211.4600067138672,212.8699951171875,212.85000610351562,497200.0,211.2820281982422,SWK
2021-06-07,212.42999267578125,208.24000549316406,212.42999267578125,209.14999389648438,1071400.0,208.29428100585938,SWK
2021-06-08,209.02000427246094,205.74000549316406,209.02000427246094,208.86000061035156,732000.0,208.00547790527344,SWK
2021-06-09,208.14999389648438,205.82000732421875,208.14999389648438,206.57000732421875,729900.0,205.724853515625,SWK
2021-06-10,207.72999572753906,203.61000061035156,207.69000244140625,204.0,1044100.0,203.1653594970703,SWK
2021-06-11,205.69000244140625,202.1999969482422,204.97999572753906,203.3699951171875,973300.0,202.53793334960938,SWK
2021-06-14,203.32000732421875,200.8800048828125,202.83999633789062,202.94000244140625,802500.0,202.1096954345703,SWK
2021-06-15,203.5399932861328,201.32000732421875,203.27999877929688,202.25,803900.0,201.42251586914062,SWK
2021-06-16,201.69000244140625,196.64999389648438,201.69000244140625,196.74000549316406,1169600.0,195.93507385253906,SWK
2021-06-17,198.5,194.42999267578125,198.5,195.41000366210938,1598400.0,194.61050415039062,SWK
2021-06-18,196.61000061035156,192.02000427246094,192.9499969482422,194.9199981689453,1865600.0,194.1225128173828,SWK
2021-06-21,200.33999633789062,196.13999938964844,196.49000549316406,198.7899932861328,1052900.0,197.97666931152344,SWK
2021-06-22,199.2100067138672,196.97000122070312,198.44000244140625,198.4499969482422,520700.0,197.6380615234375,SWK
2021-06-23,199.77000427246094,197.1199951171875,199.02999877929688,198.47999572753906,757100.0,197.66793823242188,SWK
2021-06-24,203.22999572753906,199.25,200.25999450683594,202.58999633789062,1461100.0,201.76112365722656,SWK
2021-06-25,206.35000610351562,203.27000427246094,203.6699981689453,204.82000732421875,1512000.0,203.9820098876953,SWK
2021-06-28,205.4600067138672,202.74000549316406,204.67999267578125,204.83999633789062,977900.0,204.00192260742188,SWK
2021-06-29,206.3300018310547,204.02999877929688,205.08999633789062,204.38999938964844,619100.0,203.5537567138672,SWK
2021-06-30,205.30999755859375,203.39999389648438,203.91000366210938,204.99000549316406,681000.0,204.15130615234375,SWK
2021-07-01,207.1199951171875,205.27999877929688,206.3800048828125,206.44000244140625,581800.0,205.5953826904297,SWK
2021-07-02,208.77000427246094,205.74000549316406,206.9199981689453,207.9499969482422,800800.0,207.0991973876953,SWK
2021-07-06,208.47999572753906,204.0800018310547,208.0,205.97999572753906,756500.0,205.1372528076172,SWK
2021-07-07,209.0,205.22000122070312,205.22000122070312,208.77000427246094,958100.0,207.9158477783203,SWK
2021-07-08,207.05999755859375,203.72000122070312,205.80999755859375,205.4499969482422,690200.0,204.6094207763672,SWK
2021-07-09,209.89999389648438,206.92999267578125,207.85000610351562,208.52999877929688,875400.0,207.67681884765625,SWK
2021-07-12,209.86000061035156,208.0,208.52999877929688,209.42999267578125,954400.0,208.57313537597656,SWK
2021-07-13,210.9199981689453,206.32000732421875,210.0,207.05999755859375,1169200.0,206.21282958984375,SWK
2021-07-14,207.92999267578125,204.44000244140625,207.2100067138672,205.9600067138672,698900.0,205.11734008789062,SWK
2021-07-15,208.1999969482422,204.61000061035156,205.0,206.8300018310547,524700.0,205.98377990722656,SWK
2021-07-16,207.8000030517578,202.57000732421875,207.32000732421875,203.0500030517578,558900.0,202.21925354003906,SWK
2021-07-19,200.9600067138672,196.92999267578125,200.25,200.35000610351562,855100.0,199.53030395507812,SWK
2021-07-20,204.6199951171875,200.14999389648438,200.49000549316406,203.94000244140625,976600.0,203.10560607910156,SWK
2021-07-21,207.02999877929688,203.72999572753906,205.0,204.25999450683594,580400.0,203.42428588867188,SWK
2021-07-22,205.6300048828125,201.66000366210938,205.22000122070312,202.27000427246094,853300.0,201.44244384765625,SWK
2021-07-23,205.17999267578125,202.77999877929688,203.58999633789062,204.19000244140625,781400.0,203.35458374023438,SWK
2021-07-26,206.91000366210938,203.86000061035156,205.82000732421875,205.97999572753906,969400.0,205.1372528076172,SWK
2021-07-27,202.08999633789062,197.0,199.75,201.61000061035156,1480300.0,200.78514099121094,SWK
2021-07-28,202.35000610351562,195.1300048828125,202.24000549316406,195.44000244140625,1429200.0,194.640380859375,SWK
2021-07-29,198.3000030517578,195.4600067138672,197.11000061035156,197.7899932861328,1222500.0,196.9807586669922,SWK
2021-07-30,199.50999450683594,195.42999267578125,197.66000366210938,197.0500030517578,1440200.0,196.24378967285156,SWK
2021-08-02,200.6300048828125,195.25999450683594,198.07000732421875,195.7899932861328,861700.0,194.9889373779297,SWK
2021-08-03,200.24000549316406,194.83999633789062,197.3800048828125,199.0,923100.0,198.18582153320312,SWK
2021-08-04,198.72999572753906,194.99000549316406,197.7100067138672,195.00999450683594,658300.0,194.21212768554688,SWK
2021-08-05,198.0,195.0399932861328,196.77000427246094,196.25,983900.0,195.4470672607422,SWK
2021-08-06,198.58999633789062,196.22999572753906,197.88999938964844,196.61000061035156,771200.0,195.8055877685547,SWK
2021-08-09,196.75999450683594,194.25999450683594,196.0,195.60000610351562,599300.0,194.7997283935547,SWK
2021-08-10,198.64999389648438,195.3300018310547,196.10000610351562,198.02000427246094,701200.0,197.20982360839844,SWK
2021-08-11,202.3300018310547,197.52999877929688,198.05999755859375,202.1999969482422,992400.0,201.3727264404297,SWK
2021-08-12,203.69000244140625,199.72999572753906,202.24000549316406,200.7899932861328,536800.0,199.96849060058594,SWK
2021-08-13,201.25,199.35000610351562,200.6999969482422,200.1199951171875,565000.0,199.3012237548828,SWK
2021-08-16,200.64999389648438,197.58999633789062,199.97999572753906,200.49000549316406,655200.0,199.6697235107422,SWK
2021-08-17,199.7100067138672,192.7899932861328,198.77000427246094,194.5,1102000.0,193.7042236328125,SWK
2021-08-18,194.97000122070312,191.33999633789062,192.99000549316406,192.69000244140625,1065600.0,191.90162658691406,SWK
2021-08-19,192.16000366210938,187.52999877929688,191.24000549316406,189.67999267578125,1012700.0,188.90394592285156,SWK
2021-08-20,191.0,188.60000610351562,189.72999572753906,190.38999938964844,911900.0,189.6110382080078,SWK
2021-08-23,192.39999389648438,189.99000549316406,191.86000061035156,190.52999877929688,683600.0,189.75047302246094,SWK
2021-08-24,193.5500030517578,190.75999450683594,191.32000732421875,192.49000549316406,979700.0,191.70245361328125,SWK
2021-08-25,194.75999450683594,192.17999267578125,193.52999877929688,194.17999267578125,609900.0,193.38552856445312,SWK
2021-08-26,194.07000732421875,192.42999267578125,193.7899932861328,193.2899932861328,533100.0,192.49917602539062,SWK
2021-08-27,194.58999633789062,193.3800048828125,194.0500030517578,194.0500030517578,795600.0,193.25607299804688,SWK
2021-08-30,196.1300048828125,194.07000732421875,195.02000427246094,194.8800048828125,850400.0,194.08267211914062,SWK
2021-08-31,195.07000732421875,192.1699981689453,194.8699951171875,193.27000427246094,1215000.0,192.47926330566406,SWK
2021-09-01,194.0399932861328,190.64999389648438,193.6699981689453,192.5,873100.0,191.71240234375,SWK
2021-09-02,193.39999389648438,190.36000061035156,192.83999633789062,193.08999633789062,1367100.0,192.29998779296875,SWK
2021-09-03,192.6199951171875,190.64999389648438,192.5399932861328,191.10000610351562,896900.0,191.10000610351562,SWK
2021-09-07,189.85000610351562,183.1699981689453,189.3699951171875,183.22999572753906,2111700.0,183.22999572753906,SWK
2021-09-08,189.00999450683594,183.05999755859375,183.2899932861328,188.30999755859375,1981800.0,188.30999755859375,SWK
2021-09-09,192.83999633789062,187.41000366210938,188.17999267578125,188.5500030517578,1139000.0,188.5500030517578,SWK
2021-09-10,189.74000549316406,186.3000030517578,188.9499969482422,186.4199981689453,977500.0,186.4199981689453,SWK
2021-09-13,189.13999938964844,184.52000427246094,188.64999389648438,186.4600067138672,794200.0,186.4600067138672,SWK
2021-09-14,187.5800018310547,181.52999877929688,187.5800018310547,182.3800048828125,994600.0,182.3800048828125,SWK
2021-09-15,187.19000244140625,182.1199951171875,182.3800048828125,185.7100067138672,877400.0,185.7100067138672,SWK
2021-09-16,189.3800048828125,184.77000427246094,185.7100067138672,187.72000122070312,1489000.0,187.72000122070312,SWK
2021-09-17,188.88999938964844,185.97999572753906,188.00999450683594,186.24000549316406,1589200.0,186.24000549316406,SWK
2021-09-20,184.4499969482422,181.8000030517578,182.8699951171875,183.99000549316406,975100.0,183.99000549316406,SWK
2021-09-21,184.67999267578125,178.3000030517578,184.67999267578125,179.88999938964844,1285500.0,179.88999938964844,SWK
2021-09-22,183.72000122070312,181.47999572753906,181.97000122070312,181.80999755859375,852300.0,181.80999755859375,SWK
2021-09-23,185.66000366210938,182.80999755859375,182.94000244140625,184.4499969482422,1157100.0,184.4499969482422,SWK
2021-09-24,186.0,184.02000427246094,184.3800048828125,185.36000061035156,900200.0,185.36000061035156,SWK
2021-09-27,188.47999572753906,185.3699951171875,185.52000427246094,186.30999755859375,960500.0,186.30999755859375,SWK
2021-09-28,186.6199951171875,180.6300048828125,185.64999389648438,181.55999755859375,1073200.0,181.55999755859375,SWK
2021-09-29,183.4499969482422,180.88999938964844,181.47000122070312,182.1199951171875,588100.0,182.1199951171875,SWK
2021-09-30,183.44000244140625,175.25,183.3300018310547,175.30999755859375,1253600.0,175.30999755859375,SWK
2021-10-01,176.36000061035156,172.39999389648438,175.83999633789062,174.8699951171875,1490700.0,174.8699951171875,SWK
2021-10-04,175.92999267578125,172.7100067138672,173.57000732421875,173.9499969482422,1118000.0,173.9499969482422,SWK
2021-10-05,178.1300048828125,173.61000061035156,174.82000732421875,176.4600067138672,608800.0,176.4600067138672,SWK
2021-10-06,176.8800048828125,173.25,174.99000549316406,176.8300018310547,796200.0,176.8300018310547,SWK
2021-10-07,181.25999450683594,177.44000244140625,178.92999267578125,177.61000061035156,714400.0,177.61000061035156,SWK
2021-10-08,179.19000244140625,177.17999267578125,178.39999389648438,177.27999877929688,523200.0,177.27999877929688,SWK
2021-10-11,178.19000244140625,174.63999938964844,177.5399932861328,174.7899932861328,496100.0,174.7899932861328,SWK
2021-10-12,175.72000122070312,173.1300048828125,175.6999969482422,173.72999572753906,726200.0,173.72999572753906,SWK
2021-10-13,174.1300048828125,171.7899932861328,173.24000549316406,173.3000030517578,782000.0,173.3000030517578,SWK
2021-10-14,180.14999389648438,174.3300018310547,175.22999572753906,179.5,1001000.0,179.5,SWK
2021-10-15,182.66000366210938,180.42999267578125,180.8000030517578,181.6699981689453,1025800.0,181.6699981689453,SWK
2021-10-18,183.41000366210938,179.47000122070312,180.1999969482422,182.72000122070312,731344.0,182.72000122070312,SWK
